date,O3,CO,NO2,SO2
2026-01-03,0.1123061499661869,0.0224449813174895,2.504285680010475e-05,8.954301351372527e-05
2026-01-04,0.1132144952813784,0.0297620794270187,2.896544755357253e-05,0.0002512070677059
2026-01-06,0.1126298127902878,0.0259402518471082,1.822548903065682e-05,3.47840958662952e-05
2026-01-10,0.1136162564158439,0.0273068514549069,,
2026-01-07,0.1138113001982371,0.0301904365886002,2.12093049754003e-05,
2026-01-08,0.1128171736995379,,2.41551981162047e-05,0.0001531234086542
2026-01-05,0.1125243672066264,,2.140114900777752e-05,2.043230463944686e-05
2026-01-09,0.1134904760453436,0.0231546735657112,1.8602763369320503e-05,0.0001675825055523
2026-03-26,0.1150104294220606,0.0356105982579968,1.9644079402855585e-05,0.0003206443525009
2026-03-30,0.1162808131840494,0.0315977921991637,2.416849363064764e-05,-1.5946124060593e-05
2026-03-24,0.1162683081295755,0.025815860968497,2.768143814467873e-05,0.0002684040865636
2026-03-31,0.1169872641563415,0.031013936176896,2.6068317261839133e-05,0.0001468776348723
2026-03-28,0.1165631996260748,0.0284259244799613,1.8942011214069986e-05,0.000198857269
2026-03-27,0.1175717360650499,0.0356070772227313,2.7358894320579047e-05,7.418787877863256e-05
2026-03-25,0.1175076198246743,0.0314406964927911,,0.0004149583575781
2026-03-29,0.1166988218824068,0.0344683809826771,,0.0002365767155424
2025-08-25,0.1168821960687637,0.0294434819370508,,0.0001218594628982
2025-08-26,0.1148207714160283,,2.4048135281574152e-05,0.0003408379609431
2025-08-27,0.1162702292203903,0.029733591650923,3.1181995836959686e-05,-3.687259280316842e-05
2025-08-24,,0.0301101617515087,,0.0004635542863171
2025-09-08,0.1127350035640928,,,-4.186757178104017e-05
2025-09-10,0.1157668761081165,0.0271357779524156,2.373293955315603e-05,0.0002153172554244
2025-09-12,0.1145503438181347,0.0304352274785439,2.676869844435714e-05,
2025-09-11,0.1155348933405346,0.0280366130173206,1.542792797408765e-05,0.0004292624133605
2025-09-06,0.1133065543240971,0.0254859316807526,2.375174777366088e-05,
2025-09-07,0.1134951959053675,0.0303097443034251,3.1590338848117324e-05,0.0002361864013022
2025-09-09,0.1157813486125734,0.0230875839479267,,0.0001781682622095
2025-09-05,0.1139561065369182,,3.766556619666517e-05,
2025-10-27,0.1172062731451458,0.0280121006071567,,
2025-10-23,0.1161303692393832,,,7.351922249654308e-06
2025-10-29,0.1172922043336762,0.0286425338371803,1.55467446545473e-05,0.0001577567692086
2025-10-26,0.1174574161569277,0.0333376693623987,3.336538611620199e-05,-0.000145616014682
2025-10-28,0.1131930091314845,0.0299218650493356,,
2025-10-30,0.1170810802115334,0.0319986364493767,2.1783574870444983e-05,-2.954788340440277e-06
2025-10-25,0.1161303703983624,0.0274634416732523,,-3.003022641223652e-06
2025-10-24,0.116938109199206,0.0332060163219769,,3.870716538282674e-05
2025-11-30,0.1148895129561424,0.0296899263520498,4.0321119740838185e-05,
2025-11-26,0.1120160374376508,0.0283433274676402,3.877327172732395e-05,-5.21640355328323e-06
2025-11-25,0.1127704155113962,0.0304323306247111,,2.460602233137858e-05
2025-11-28,0.112978996667597,0.031813660222623,2.834614148014225e-05,-2.5906953201878684e-05
2025-11-29,0.1154382856355773,0.0301617987554621,3.8982842695610274e-05,-6.818715274466041e-07
2025-12-01,0.1157788178986973,0.0292504790342516,3.3325666884069726e-05,3.803214374170767e-06
2025-11-27,0.1141660493281152,0.0358961640687828,,
2025-11-24,0.1155965117944611,0.0318944621398005,3.022477939238241e-05,2.801995337490966e-05
2026-02-04,0.1145800395144356,0.0315805380956994,3.705169397613241e-05,
2026-02-05,0.1154389805263943,0.0334099418173233,2.171476116927806e-05,8.269317388472548e-05
2026-02-11,0.1126258621613184,0.0302748028188943,1.967253878896505e-05,7.344536014183436e-05
2026-02-06,0.1140449076890945,0.0319430524340042,2.0800030497980515e-05,
2026-02-09,0.1142522608240445,0.0324670191440317,,
2026-02-07,0.1145292272170384,0.0351435502370198,2.1551340328837148e-05,0.0001067375415004
2026-02-08,0.1153517670101589,,1.964773023725061e-05,7.794862782854277e-05
2026-02-10,0.114469004339642,0.0297532149336554,3.646334377716652e-05,2.465022424241232e-05
2026-05-21,0.115913121898969,0.0290168914943933,,-3.459831981961708e-05
2026-05-19,0.1145704158478313,0.0257744301938348,2.208632577094249e-05,4.744966614013939e-05
2026-05-23,0.1181670483615663,0.0260443534934893,3.270995957791456e-05,0.0001723273528104
2026-05-25,0.1164599713351991,,3.7823848090382576e-05,9.006885288966402e-05
2026-05-26,0.1159769596325026,0.0283766515552997,2.689686094122913e-05,5.501198280018248e-05
2026-05-20,0.1163970576392279,0.023994984726111,2.007188779518603e-05,-2.820248157245499e-05
2026-05-22,0.1160136845376756,0.0278436950097481,2.9120137779417828e-05,4.263239588908618e-05
2026-05-24,0.1167237730489836,0.0268541318260961,2.219725078807992e-05,2.210677889201583e-05
2026-07-09,0.1188618731167581,0.0323822694786247,,-6.636368242453034e-06
2026-07-07,0.1163059226340717,,,-3.689344954306183e-05
2026-07-08,0.1179147258400917,0.0336163238223109,2.410595106994151e-05,-2.9745090159849497e-06
2026-07-06,,0.0315684117376804,,0.000174333766568
2026-07-21,0.1132341666354073,0.0267374767311688,,1.4938743940244118e-05
2026-07-15,0.117135058177842,0.029623351411687,2.726934746113749e-05,0.000500780132175
2026-07-20,0.1152273966206444,,1.799629623227312e-05,-1.8976381519072068e-05
2026-07-17,0.1163591543833414,0.0325435402492682,2.6522781726353887e-05,0.0003829320534957
2026-07-16,0.1154840500818358,,,3.7560535236392045e-05
2026-07-14,0.1167298967639605,0.0333554871380329,,-1.5801776756947022e-05
2026-07-19,0.1168405650390519,0.0361037794057102,1.7983728980652813e-05,-9.674462085563897e-06
2026-07-18,0.1155133388108677,0.0308110299878395,,-4.459721498682888e-05
2025-09-25,0.1131568514638476,,,
2025-09-27,0.1163812908861372,0.0317362572169966,,
2025-09-23,0.113562540213267,0.033030348217913,,
2025-09-24,0.1133267573184437,0.0262279245588514,7.071720233398082e-06,0.0001079908397514
2025-09-21,0.1129816576838493,0.0315481912429359,3.4054188977784684e-05,1.7318863488721297e-05
2025-09-22,0.1137563044826189,0.0390352311233679,4.71474572501999e-05,3.821397311235665e-05
2025-09-28,0.117215179072486,0.0287795624264129,3.4104555711997995e-05,9.3344099392804e-05
2025-09-26,0.1142668800221549,0.0356083371277366,3.619322465178934e-05,-0.0001851424643367
2026-01-23,0.1122669564353095,,3.3241522517831373e-05,0.0002534817895341
2026-01-25,0.1140553618470827,0.0268861441096911,3.8458156753525447e-05,-7.732606438865402e-05
2026-01-19,0.1147723663184377,0.0275342628275128,3.386991152688602e-05,0.0001838768514752
2026-01-21,0.1126127322514851,0.0291471681718168,2.7477497254343083e-05,0.0002929412174339
2026-01-22,0.1123412541217274,,2.7482558228560567e-05,-3.5113071974662417e-05
2026-01-26,0.1126812678244378,0.0257475217804312,2.5582356716473143e-05,0.0004319114690808
2026-01-20,0.1124463142620192,,2.318842310952248e-05,3.216750767965745e-05
2026-01-24,0.1129589762952592,0.0253568990156054,1.6465129192511085e-05,0.0002996457354842
2026-02-25,0.1124876131614049,0.0250799570579168,3.1563271553144055e-05,
2026-02-23,0.113534385531113,0.0302606573901497,2.901484367612284e-05,-9.807008670274324e-05
2026-02-24,0.113424788084295,,2.2946085768385924e-05,-1.319992720241584e-05
2026-02-26,0.1131608655055364,0.0300578419985466,3.0243257141490984e-05,2.0419292074317733e-05
2026-02-22,0.1127434376213285,,2.1264723289749344e-05,0.0003816306379222
2026-02-21,0.1128401514556672,,,0.0001827773231626
2026-02-20,0.1111129714383019,0.0290288318480764,3.050173985353798e-05,-2.057445332563172e-05
2026-02-27,0.1124255945285161,0.030524970497936,2.439371630692943e-05,7.9816795622526e-05
2026-06-22,0.1181588234172927,0.0256171009192864,3.0939149058083005e-05,
2026-06-26,0.1139941232071982,0.0277453331483734,,-4.4997650547884405e-05
2026-06-20,0.1180471436844931,0.0274761242488789,2.6852214553703864e-05,1.2714351281896664e-05
2026-06-21,0.1188033706612057,0.0289163704547617,3.145313337427069e-05,-4.41567709559523e-06
2026-06-27,0.1119854138957129,0.0252473115582357,2.6736562926998885e-05,7.223264540135417e-05
2026-06-23,0.1170842132634586,0.0287257441629966,1.182189407700207e-05,-1.5127116247034185e-06
2026-06-24,0.1148616717921363,,8.461852121399716e-05,
2026-06-25,0.1160661473870277,0.0275332980196584,2.6656037074904555e-05,-5.479089531945647e-05
2026-08-24,0.1205119291941324,0.032713195722964,3.2571740545487654e-05,0.0001766745671375
2026-08-23,0.1206943775216738,0.0342560384008619,3.362257181530973e-05,6.40792346934581e-05
2026-02-14,0.1127869836158222,0.034053364313311,2.935118571056389e-05,4.202708241791697e-05
2026-02-16,0.1150345578789711,0.0365745128856764,2.9432946959989043e-05,8.784339827560048e-05
2026-02-19,0.1119588293963008,0.0307590171694755,2.990397307358864e-05,0.0001244767423486
2026-02-18,0.1145084066523446,0.028350384450621,2.4472475363129186e-05,1.9666571461129934e-05
2026-02-15,0.1124281583560837,0.0298496282762951,2.382014535710782e-05,5.853670563737978e-05
2026-02-17,0.1145580402678913,0.0303261632662872,2.193714250384609e-05,0.0001058251715361
2026-07-02,0.1162021767761972,0.0294143812110026,,9.885662189081137e-05
2026-07-04,0.1177665473686324,,2.9088701921864413e-05,0.0001528144622675
2026-07-03,0.1166600940956009,,2.5067525611019744e-05,0.0001758259043223
2026-07-01,0.1172068231762983,0.0244757216423749,2.1591233053186443e-05,0.0001105228916761
2026-06-29,0.1151094848910967,0.0298780297744087,1.9502967216584904e-05,0.0002695706145755
2026-06-30,0.1167652966247664,,2.6325253469729112e-05,-2.4569603637145418e-05
2026-07-05,0.1162838891148567,0.0315938020745913,1.274737831459384e-05,0.0002369764800442
2026-06-28,0.1138846543100145,,,-3.9758168026714376e-05
2025-09-30,,0.0324852059284846,3.934425112674944e-05,0.0001577039312299
2025-10-01,0.1130558393067783,0.0286517624639802,2.172566922292225e-05,2.952822271456373e-05
2025-10-02,0.1157162053620114,0.035038026003167,4.83424614180371e-05,2.450212542455466e-05
2025-10-06,0.1191273204154438,,4.0998864602038845e-05,-9.469611608009846e-06
2025-10-04,0.1142715078261163,0.0319775432813912,2.761993711043364e-05,3.254420304773059e-05
2025-10-03,0.1162121125393443,0.0348441459937021,3.0823874063522406e-05,3.0082298566882065e-05
2025-10-05,0.1162071464790238,0.0314525384012432,3.1297043172999954e-05,0.0002674859497346
2025-09-29,0.1161168062024646,0.0331987313512298,4.789369464001188e-05,
2026-07-10,0.1181150385075145,0.0434917347549006,2.2859570290992533e-05,6.0181224853295134e-05
2026-07-11,0.1182639112075169,0.0325639582215211,1.7784988954695613e-05,0.000351812754924
2026-07-13,0.1178352245026164,0.0303978078926985,2.7299900527092783e-05,5.785121671779898e-05
2026-07-12,0.1153423014614317,0.0248125774578915,3.108775491556217e-05,6.277035859945102e-05
2025-11-10,0.11492986265156,,1.6705223828239468e-05,0.0001046552339782
2025-11-14,0.1158608535925547,,2.6226421078019992e-05,9.714843664759035e-07
2025-11-12,0.1151521560218599,,2.762883499940472e-05,7.512040356232319e-05
2025-11-08,0.1147474077012803,0.0260304359512196,2.714248524749895e-05,0.0002577741118241
2025-11-09,0.1166008755564689,0.0261174056989451,,
2025-11-13,0.1137242449654473,0.0229679103940725,2.5783923538929905e-05,-0.0002299592112346
2025-11-11,0.1155772782034344,0.0328741936056419,,7.258477562572807e-05
2025-11-15,0.1155182444387012,0.0255393798566526,,-5.980300220747295e-05
2025-09-20,,0.0334868110716342,2.9101905965944752e-05,0.0001140520839008
2025-09-16,0.115825202067693,0.0302193623290143,3.315047976164871e-05,-8.557645028654057e-05
2025-09-18,0.1133752387430932,0.0278065907872385,4.225069228090838e-05,
2025-09-15,0.1162557721138,0.0343758968429432,3.888333531270319e-05,
2025-09-14,0.1163057643506262,0.0304616608967383,3.929085352057073e-05,
2025-09-19,0.1127382510238223,0.0259307733736932,4.460833079892009e-05,4.396453356282015e-06
2025-09-13,0.1155616150961982,0.0279252229051457,3.643857533259304e-05,9.680219930790677e-05
2025-09-17,0.1151681254307429,0.0202147550880908,4.581848519419076e-05,
2025-11-06,0.1135744556784629,0.0305235233157873,2.283118850582036e-05,0.000226412464892
2025-11-03,0.1166555622220039,,2.538894681476957e-05,0.0001407051668947
2025-11-05,0.1146868634555074,0.0307741681621833,2.9941070948148584e-05,-6.868333338287711e-05
2025-10-31,0.1166308106647597,0.0276403623916532,2.6096273878855364e-05,-5.695169187843973e-05
2025-11-02,0.1177795723080635,0.0317706448425139,2.606256009585195e-05,5.227101552615447e-05
2025-11-04,0.1154297217726707,0.0349328248057423,1.4764938754296963e-05,6.2896373508339e-05
2025-11-07,0.1145957074231571,0.0256178087244431,,
2025-11-01,0.1161238792869779,0.0314528190013435,3.123760166090506e-05,0.0002665204459693
2026-01-17,0.1119670538438691,0.029498241841793,,0.0001001408216947
2026-01-15,0.1126053545210096,0.02825634302788,3.137171734124422e-05,3.376091461342929e-06
2026-01-11,0.1133076472414864,0.0265145323756668,2.585038176524297e-05,-1.65357531437217e-05
2026-01-14,0.1112724632024765,0.0225701536983251,1.494994376116665e-05,0.0002934068699687
2026-01-13,0.1131529336174329,0.0262139694392681,,-0.0001590045020647
2026-01-16,0.1118735363086064,0.0304899523655573,,-2.4064203464351723e-05
2026-01-18,0.1132099229428503,0.0299076798715089,2.345007158422255e-05,9.374045055463084e-05
2026-01-12,0.1137455950180689,0.0285424641023079,2.2762346664724948e-05,-7.591231787955622e-05
2026-02-13,0.1128417033288213,0.0300408580236964,4.962839379408655e-05,-4.673763829588198e-05
2026-02-12,0.1130851550234688,0.0259461513410011,4.158152425791033e-05,4.485278405106576e-05
2025-10-18,0.1193167199380695,0.0288443935000234,2.713107710911168e-05,1.0022674703622015e-06
2025-10-19,0.116060661110613,0.0279178003884024,3.2052254569169324e-05,0.0001117150296164
2025-10-22,0.1193878846036063,0.0337733843674262,3.794562273671747e-05,8.007484207660633e-05
2025-10-16,0.1209872919652197,0.0270427792671729,3.9128242092879694e-05,0.0001286033651252
2025-10-20,0.1165493471754921,0.030184219777584,2.8458367220688768e-05,7.452867853317003e-05
2025-10-15,0.1175721496343612,0.0323285356577899,6.75797968546653e-05,-2.29289134949795e-06
2025-10-21,0.1200181341833538,0.0248579826121303,,1.7626702174311504e-05
2025-10-17,0.1198932331469323,0.0289137320386038,2.2958378896623016e-05,
2025-12-19,0.114068990945816,0.0257471184222361,1.9536461226819264e-05,4.523645232742032e-05
2025-12-23,0.1146936756041314,0.0298514812318391,2.0065948449752925e-05,
2025-12-18,0.114510609043969,,1.4344341066134802e-05,
2025-12-25,0.1152749886115392,0.030466429516673,1.6083617174444954e-05,8.368152066395851e-05
2025-12-21,0.1152874888645278,0.0263897556811571,,-3.4455035358149644e-06
2025-12-24,0.115316690173414,0.0298571484370364,2.8440013795324345e-05,-7.63607367844088e-05
2025-12-20,0.1140707981255319,0.0253978540768494,2.252199126814957e-05,1.548260010939416e-05
2025-12-22,0.1166890107923083,0.0274856362957507,3.043169557973409e-05,2.9735825771853724e-05
2026-08-10,0.1212638260589705,0.0294331767877867,3.617571577099928e-05,
2026-08-07,0.1208901522888077,0.021727038314566,2.3792488150320423e-05,
2026-08-09,0.1217512269814809,,,-0.0001348072171063
2026-08-08,0.1208580864800347,0.02906893061267,,3.658033201266638e-05
2026-08-13,0.1165305179026391,0.0350962474264881,2.9278944986379847e-05,0.0004559555818559
2026-08-12,0.119825377398067,0.033233153902822,2.6621401351197463e-05,-8.094032616807251e-05
2026-08-11,0.1209854543209076,0.0347256327668825,2.68868611783546e-05,-0.000157141918559
2026-08-14,0.1182180285453796,0.0329499909447299,2.208307528018763e-05,0.0004249594172561
2026-03-08,0.1127594411373138,0.0323646486633353,3.630878106713154e-05,-6.147778185550123e-05
2026-03-09,0.1136651890145407,0.0312023930447666,2.774389435621237e-05,
2026-03-12,0.1146187673012415,0.0312899145815107,3.1577092815698255e-05,0.0004828809712004
2026-03-10,0.1144123069114155,0.0336694674359427,2.366380331187385e-05,-0.0001369775740098
2026-03-13,0.1144373161925209,,3.2453192660695e-05,0.0001116875797709
2026-03-15,0.1150994004474745,0.0289248462547274,1.7187772088315492e-05,0.0001398757929479
2026-03-11,,0.025931241735816,,
2026-03-14,0.1153837309943305,0.0261312315240502,,2.9237731359899045e-05
2026-06-13,0.1113356580336888,0.0234718619121445,,6.336695969366701e-05
2026-06-16,0.1150171554750866,0.027859160898342,,
2026-06-15,0.1135345792701078,0.0300187654793262,,8.421518577961251e-05
2026-06-19,0.1167865797877311,,1.9589534038762697e-05,-0.0001021138418276
2026-06-18,0.1173791276084052,0.0276749643186728,,7.996168089903221e-05
2026-06-14,0.1098490829269091,,2.71005130798585e-05,-3.3845739502927554e-05
2026-06-17,0.1160954099562433,0.0314309247769415,1.2768584160592302e-05,0.0001644395425483
2026-06-12,0.1113277541266547,0.0272292450356941,2.7948402021138463e-05,
2026-07-31,0.1198845656381713,,1.6186273083146967e-05,5.903118644710048e-05
2026-08-01,0.1200018790033128,0.0321621109864541,1.5660444374631435e-05,
2026-08-06,0.1208954809440506,0.0305509134195745,1.8497428282689027e-05,3.7151907068208655e-05
2026-07-30,0.1203443699412875,,,
2026-08-04,0.1176466749774085,0.0311986026575877,,-7.081494732119609e-05
2026-08-05,0.1191214652525054,0.0301907252520322,,
2026-08-02,0.1200188281280653,,3.066386038881319e-05,
2026-08-03,0.1194331925776269,0.0345212842027346,2.000639548949788e-05,3.095064969437815e-06
2025-12-04,0.1149313684966829,0.0320043535696135,,0.0001163052159224
2025-12-05,0.1156367253926065,0.0277686927181023,,0.0001311237396815
2025-12-02,0.1138439630468686,0.0307800355884763,3.2661730074323714e-05,0.0004031899006804
2025-12-06,0.1149376043015056,0.0275014352730729,2.0102525922993664e-05,-4.779741548190941e-05
2025-12-09,0.1159922902782758,0.0248635951429605,,-1.0805316617877813e-05
2025-12-08,0.1150385230779647,0.0300863645970821,8.318821301145363e-06,3.546988787598416e-05
2025-12-03,0.1161258828308847,0.0240342562397321,2.2782744882586205e-05,1.1793602041305144e-05
2025-12-07,0.1140347719192504,,2.469721595035581e-05,0.0002086826195106
2026-03-19,0.1127707115477985,0.0305311346257274,,
2026-03-16,0.1146974861621856,,1.1550605984880617e-05,-0.0006278647924773
2026-03-21,0.1136927718917528,0.0305595598428657,4.004401489510201e-05,
2026-03-22,0.1147565593322118,0.0262491785159165,,1.9497088700859425e-05
2026-03-23,0.116136679218875,0.0297924871659941,9.854846211965196e-06,
2026-03-20,0.1152782504757245,0.0316255860538645,,3.002408921020105e-05
2026-03-17,0.1143345283137427,0.031727805098688,2.289969179400941e-05,2.4883603241744967e-05
2026-03-18,0.1138931011160214,0.0293181189646323,2.994851173181899e-05,-5.640470712364731e-05
2025-12-15,0.1164959162473678,,2.0261939405165982e-05,0.0002454540724506
2025-12-10,0.1160233603583441,0.0305131597910076,,0.0005442632730895
2025-12-16,0.114664606253306,,2.3635633182051163e-05,9.689175109694284e-05
2025-12-17,0.1158921852707862,0.0324986712741,3.395992478710303e-05,9.563946559865144e-05
2025-12-12,0.1139901936054229,0.0261093800266583,3.437706962702922e-05,-6.622015378828413e-06
2025-12-13,0.1135529599255985,0.0279809567146003,2.1487776063043963e-05,9.604918208113792e-05
2025-12-11,0.115313657787111,0.0333279171762497,2.787322092592868e-05,7.742713558198173e-05
2025-12-14,0.1165130727820926,,2.098267016621817e-05,
2026-03-03,0.1135738632745212,0.0251257637781756,2.5431656045940247e-05,4.621661013920352e-05
2026-03-05,0.1130743632713953,,2.583342062381336e-05,5.984083379896927e-05
2026-03-06,0.1155324510402149,0.02959691750055,2.047256569426281e-05,0.0001030573540017
2026-03-02,0.1145351906617482,0.026600458452271,2.3609808390813813e-05,-2.4180020530324825e-05
2026-03-01,0.1140728089544508,0.0290571743445027,,-1.7139245502758886e-05
2026-03-04,0.1136311435037189,0.0223038007039576,2.0162607917175432e-05,0.0003296844765414
2026-02-28,0.1131381904085477,0.0300832384011962,4.0505103099444806e-05,-0.0002203991566061
2026-03-07,0.1157975461747911,0.0268950983281097,3.184968562790245e-05,-2.230116154221053e-05
2026-06-06,0.1167979349692662,,2.973374862954693e-05,0.0002832335558196
2026-06-11,0.1175921503040525,0.0297598633915185,3.380967929401915e-05,-4.997893765334993e-05
2026-06-05,0.1167300244172414,0.0275143932196356,5.3153511140004e-05,
2026-06-07,0.1165478221244282,,3.8408660839195366e-05,0.0004628461927899
2026-06-10,0.1177562461958991,,2.7873493161530712e-05,-9.278915867747484e-05
2026-06-09,0.1180731394224696,0.0284459134563803,3.0166153353800635e-05,4.560889162045593e-06
2026-06-08,0.1184084763129552,0.0222182424428562,,
2026-06-04,0.1161307818359798,0.03021499235183,,7.169594912714249e-05
2026-01-01,0.1141405291027493,,,-3.399054126930423e-05
2025-12-29,0.1143842826286951,,,2.461940511958953e-05
2026-01-02,0.1105171249972449,,,
2025-12-28,0.1146342534157964,,,2.2498025937865947e-05
2025-12-30,0.113851574063301,,2.09458388990942e-05,-2.497907698852941e-05
2025-12-31,0.1137563829620679,,1.4882141101679736e-05,
2025-12-26,0.1153205075197749,0.026421893801954,2.8020659040824588e-05,9.410492493771016e-05
2025-12-27,0.1134683339132203,0.0240287896955297,2.892776507602927e-05,9.04715987582511e-05
2026-08-16,0.1184314548969268,0.0312319766574849,3.321655636278188e-05,2.8427926796818307e-05
2026-08-21,0.1234882793492741,0.0227970774643696,4.099398910410754e-05,
2026-08-18,0.1212422120335855,0.0274378365940517,3.2062165209444594e-05,0.0002428780603209
2026-08-15,0.119162275062667,0.0243639422482565,3.146795404770981e-05,0.0001060218199755
2026-08-19,0.12113299585051,0.0301182226588328,3.73095843113131e-05,-0.0003008947096532
2026-08-22,0.1213271685772472,,2.4215833319532168e-05,-3.747480291672723e-05
2026-08-17,0.1215468380186292,0.0253045005767151,2.5323749219575304e-05,0.0004232496274581
2026-08-20,0.1216454658243391,0.0321639063871569,8.394076758122537e-06,-0.0002093365191368
2026-04-21,0.1159642775853475,,2.360735116882198e-05,0.0003997524569664
2026-04-20,0.1185351906551255,,3.632448550528944e-05,2.2810823219804828e-05
2026-04-19,0.118313011361493,0.0306951310485601,1.8027836954893752e-05,0.0001173849031652
2026-04-22,0.115807343688276,,2.543333375797374e-05,0.0001439894904012
2026-04-18,0.1167073509759373,0.0235752444714307,2.652566228451093e-05,3.4662218604353255e-05
2026-04-17,0.1162072332368956,,2.4237948575940142e-05,0.0003152315450279
2026-04-24,0.1171704126728905,0.028589716181159,,0.0001276451035123
2026-04-23,0.1154262870550155,0.0285266345366835,3.632470876861286e-05,0.0003586526424138
2026-05-08,0.1156705155968666,,,7.204773460533794e-05
2026-05-06,0.1190194759103987,,3.107463153601448e-05,-0.0001042713389324
2026-05-10,0.1170547929075029,0.0270518044179136,3.330672172358556e-05,0.0005385769088105
2026-05-03,0.1159932386544015,,4.250040728948079e-05,0.0003880556560457
2026-05-07,0.1185681563284662,,,5.702771951392707e-05
2026-05-09,0.1167927664187219,0.0283834513808999,2.5875089477267466e-05,0.0001860435875231
2026-05-04,0.1179414866699112,0.0303351674894137,2.024957774438008e-05,0.0001008664493484
2026-05-05,,0.0291470884241991,,-7.890847110603419e-05
2026-07-28,0.1193391765157381,0.0263889792400437,1.96766890109178e-05,1.175040667931171e-05
2026-07-24,0.1164531722664833,0.0302846987238701,,0.000153857431817
2026-07-25,0.119104348288642,0.0245497135970837,1.9876260921591893e-05,0.0002868169383633
2026-07-26,0.121211180753178,0.0250618515366857,,0.0001893248431669
2026-07-22,0.1135149800115161,0.0272563495894982,,0.0001546249528877
2026-07-29,0.1206071997682253,0.0228802959124247,1.3103222624977206e-05,0.0001464147339902
2026-07-23,0.1160098728206422,0.0277234707027673,,3.0559988307585526e-05
2026-07-27,0.1192007958889007,0.025368650198767,,0.0004749395410827
2026-05-02,0.1169048466616206,0.0301119724495543,,-7.547430868726224e-07
2026-04-26,0.1172744913233651,0.0346820606539646,,0.0002220194844691
2026-04-25,0.1177698693341679,0.0331455724106894,,0.000184507802265
2026-05-01,0.116130197710461,,2.663204577402212e-05,-0.0002598836827718
2026-04-27,0.1159772051705254,0.0278863517522085,1.662146644989929e-05,3.4737361905475456e-08
2026-04-29,0.1165487968259387,0.0280521557976802,,0.0001224198575881
2026-04-30,0.1159428225623236,0.0318197479937225,2.61404988619192e-05,0.0001808856886026
2026-04-28,0.1168137381856258,0.0278974089673475,2.680238406225856e-05,0.0002189939585857
2025-09-03,0.114642609986994,,1.4191201191553975e-05,
2025-09-04,0.113657851351632,0.0294648194103501,,-0.0001415005703661
2025-09-02,0.1146835338738229,,2.11613160617758e-05,0.0005234020952937
2025-08-29,0.1143849944074948,0.0375214383790367,1.1993228630065763e-05,-0.0001056715336744
2025-08-30,0.1155033649669753,0.0338103283610608,,
2025-08-28,0.1157518865333663,0.0299467460148864,2.483999659965602e-05,
2025-08-31,0.116232943865988,0.0336411875983079,,-1.2469817079363564e-05
2025-09-01,0.1151908545030487,0.0304038763667146,2.9156905199030275e-05,3.162503985549847e-05
2025-10-11,0.1141835760739114,0.0280815418809652,,
2025-10-12,0.1143121278948254,,,
2025-10-14,0.1183472378386391,,,1.932520768561864e-05
2025-10-09,0.1182210973567432,0.0272874362193621,2.0675312043749727e-05,-2.2581227919242035e-05
2025-10-13,0.1172704559233453,0.0241472218185663,2.6780749370421592e-05,
2025-10-10,0.1170770539177788,0.027545770949551,3.293060554872347e-05,9.50249260313285e-05
2025-10-07,0.1205512139532301,,,
2025-10-08,0.118394917415248,0.0276108763978949,,
2025-11-20,0.1141301011045773,0.0277224908183727,,0.0004031130390373
2025-11-19,0.1162729494091941,,2.1637346536222552e-05,9.98119604787462e-05
2025-11-17,0.1169202869137128,0.0288942036529382,2.243612107122317e-05,4.976529231094496e-06
2025-11-22,0.1154739985863367,0.032160702554716,,
2025-11-23,0.1135097760293218,0.0277226561059554,,0.0001374367996403
2025-11-18,0.1148024660017755,0.0301546673393911,,0.0002570138552982
2025-11-21,0.1146849047806527,0.0307250724484523,2.641559298023243e-05,1.0526639267155611e-05
2025-11-16,0.117541815009382,0.0275304599199444,,0.0001533830696213
2026-02-03,0.1133864149451255,0.0249469255851138,1.963900535496453e-05,3.5951932017673645e-05
2026-02-01,0.1155584492617183,0.0281701802793476,2.2066931316138444e-05,-2.308424300786606e-05
2026-01-31,0.1144077125522825,0.0279170305778582,,-4.384020277130832e-05
2026-01-28,0.1156844109296798,0.0278213903217054,3.311085230153468e-05,-1.3257783262411572e-05
2026-01-29,0.1136573241816626,0.0245074941998436,2.5891208538803982e-05,0.0003400874388587
2026-02-02,0.1126068505975935,0.0268415487939264,2.0671011952799745e-05,6.428505155947113e-05
2026-01-27,0.1134158609641922,,2.944853745515609e-05,0.0002169765916178
2026-01-30,0.1147431007689899,,3.35822595338363e-05,2.9527849882368983e-05
2026-04-16,0.1166176579064793,0.0268701734737708,2.2246512467186346e-05,-5.138018786965404e-05
2026-04-13,0.1170676638682683,0.0325491698665751,3.679939780138536e-05,6.784256458255792e-05
2026-04-15,0.1163746348685688,0.0291316832105318,2.7616370637891426e-05,-0.000121033843739
2026-04-12,0.1179284247405388,,2.499789549179504e-05,7.945483991255558e-05
2026-04-10,0.1185669771499104,0.0255250898914204,3.1702909518571686e-05,8.546283201456657e-05
2026-04-11,0.1192934546205732,0.0286294059620963,4.656981703495452e-05,6.171753515494906e-05
2026-04-09,0.1179683657156096,0.0293713156961732,3.0097195121925324e-05,-1.1294661453575829e-05
2026-04-14,0.1158374741673469,0.0257461321624842,3.811658457140622e-05,-7.633625500602648e-05
2026-06-03,0.1150280303425259,0.0322070134182771,2.9348312247228546e-05,3.6352401457406815e-05
2026-05-29,0.1188612421353658,0.0289417080403793,3.2760066180624286e-05,5.121523277228421e-05
2026-06-02,0.1163676094677713,0.0321016571174065,3.132468559786689e-05,2.59697756248627e-07
2026-06-01,0.1158741154604487,0.0316596288233995,3.405007693147173e-05,-2.799305158467697e-06
2026-05-30,0.1179812621739175,,2.0308808930365004e-05,-1.5644836677988917e-05
2026-05-28,0.1184624363978703,0.0312975605742798,2.767194960142661e-05,8.478471340822579e-06
2026-05-27,0.1165036617053879,0.0290140001310242,,
2026-05-31,0.1166884899139404,0.0282065911011563,,-1.1130511686794556e-05
2026-05-15,0.1164645511243078,0.0371237160844935,,0.0001128295511173
2026-05-17,0.1156527280807495,0.0352521071417464,,0.0004628701789948
2026-05-11,0.1152061180935965,0.0329143642551369,1.902346701337427e-05,7.966397022882606e-05
2026-05-16,0.1160612462295426,0.0373793563283071,1.761375733622117e-05,0.0005272627907591
2026-05-18,0.1163792535662651,0.0367106616497039,3.1578136258758605e-05,0.0001569657753861
2026-05-12,0.1144824026359452,0.0334397219121456,2.0702084384538463e-05,0.0002372160733405
2026-05-14,0.1137293171551492,,2.4057780837420767e-05,0.000204432886121
2026-05-13,0.1144908189773559,0.0320044690536128,2.870473589508846e-05,-3.047239740933744e-05
2026-04-06,0.1171560641792085,0.0382186034487353,2.110352559983849e-05,6.3097050969656444e-06
2026-04-02,0.1183671101927757,0.0309682293795049,,-3.333799099049496e-05
2026-04-05,0.1177726490630043,,2.6932877517538145e-05,0.0004646257241903
2026-04-04,0.1184107290373908,0.034108740321937,2.244413818433796e-05,0.0001056117009197
2026-04-08,0.1177984732720587,0.0298434842559622,2.012207505686092e-05,1.9002055868248025e-05
2026-04-01,0.1173242113656467,0.0364950582385063,1.596891521893034e-05,8.298852884252028e-05
2026-04-03,0.1177502509620454,0.0383144999543825,4.046746465746765e-05,0.0001408086814494
2026-04-07,0.1175866292582617,0.0338588284949461,3.501101180422426e-05,0.0001222046166529
