date,NO2
2025-08-25,2.545683e-05
2025-08-26,3.0621504e-05
2025-08-27,1.9273763e-05
2025-08-28,2.0524501e-05
2025-08-29,2.102812e-05
2025-08-30,2.1447046e-05
2025-08-31,2.1865977e-05
2025-09-01,2.892512e-05
2025-09-02,2.1773154e-05
2025-09-03,3.6545276e-05
2025-09-04,2.6470389e-05
2025-09-05,2.4164698e-05
2025-09-06,1.7248607e-05
2025-09-07,2.131901e-05
2025-09-08,2.478032e-05
2025-09-09,2.7237369e-05
2025-09-10,3.1256077e-05
2025-09-11,3.5505578e-05
2025-09-12,2.5234114e-05
2025-09-13,2.8468015e-05
2025-09-14,2.1020162e-05
2025-09-15,1.9605175e-05
2025-09-16,2.311065e-05
2025-09-17,2.5994525e-05
2025-09-18,2.2798487e-05
2025-09-19,2.402344e-05
2025-09-20,2.519678e-05
2025-09-21,2.6791547e-05
2025-09-22,2.5120795e-05
2025-09-23,2.874409e-05
2025-09-24,3.176173e-05
2025-09-25,3.0062736e-05
2025-09-26,2.5476565e-05
2025-09-27,2.9222258e-05
2025-09-28,2.4217852e-05
2025-09-29,2.4101382e-05
2025-09-30,2.5284895e-05
2025-10-01,2.6468413e-05
2025-10-02,2.756091e-05
2025-10-03,2.096097e-05
2025-10-04,2.7307375e-05
2025-10-05,3.0635878e-05
2025-10-06,3.420753e-05
2025-10-07,3.2452033e-05
2025-10-08,1.7500915e-05
2025-10-09,2.8330158e-05
2025-10-10,2.6315414e-05
2025-10-11,2.5859548e-05
2025-10-12,2.495516e-05
2025-10-13,3.0539257e-05
2025-10-14,3.6133635e-05
2025-10-15,3.671327e-05
2025-10-16,3.426137e-05
2025-10-17,3.3343797e-05
2025-10-18,3.3792323e-05
2025-10-19,3.3909324e-05
2025-10-20,3.2419317e-05
2025-10-21,3.1415006e-05
2025-10-22,3.0410694e-05
2025-10-23,2.940638e-05
2025-10-24,2.8706132e-05
2025-10-25,2.8005887e-05
2025-10-26,2.7278507e-05
2025-10-27,2.655113e-05
2025-10-28,2.5826159e-05
2025-10-29,2.5101192e-05
2025-10-30,2.437622e-05
2025-10-31,2.455179e-05
2025-11-01,2.4727364e-05
2025-11-02,2.463503e-05
2025-11-03,2.4542705e-05
2025-11-04,2.4450374e-05
2025-11-05,2.3007822e-05
2025-11-06,2.1704907e-05
2025-11-07,2.0402002e-05
2025-11-08,2.0381529e-05
2025-11-09,2.0361053e-05
2025-11-10,2.0340582e-05
2025-11-11,2.032011e-05
2025-11-12,2.0640104e-05
2025-11-13,2.0960091e-05
2025-11-14,2.1088295e-05
2025-11-15,2.1216494e-05
2025-11-16,2.1344695e-05
2025-11-17,2.1472899e-05
2025-11-18,2.16011e-05
2025-11-19,2.1729302e-05
2025-11-20,2.18575e-05
2025-11-21,2.1985707e-05
2025-11-22,2.2113907e-05
2025-11-23,2.2019367e-05
2025-11-24,2.2597564e-05
2025-11-25,2.317575e-05
2025-11-26,2.3873572e-05
2025-11-27,1.7961585e-05
2025-11-28,2.1606915e-05
2025-11-29,2.2290416e-05
2025-11-30,2.3669276e-05
2025-12-01,2.504814e-05
2025-12-02,2.3408373e-05
2025-12-03,2.2861499e-05
2025-12-04,2.260401e-05
2025-12-05,2.2346516e-05
2025-12-06,2.1733968e-05
2025-12-07,2.1109401e-05
2025-12-08,2.102923e-05
2025-12-09,2.0949054e-05
2025-12-10,2.0868885e-05
2025-12-11,2.0146917e-05
2025-12-12,1.9424953e-05
2025-12-13,1.8802712e-05
2025-12-14,1.8180473e-05
2025-12-15,1.7558232e-05
2025-12-16,1.70151e-05
2025-12-17,1.5822823e-05
2025-12-18,2.230599e-05
2025-12-19,2.3020615e-05
2025-12-20,2.3735236e-05
2025-12-21,2.4449859e-05
2025-12-22,2.7295982e-05
2025-12-23,2.4198032e-05
2025-12-24,2.1979238e-05
2025-12-25,1.6176113e-05
2025-12-26,2.1452477e-05
2025-12-27,2.0667421e-05
2025-12-28,2.584145e-05
2025-12-29,2.8777271e-05
2025-12-30,2.634145e-05
2025-12-31,2.5687701e-05
2026-01-01,2.5033953e-05
2026-01-02,2.4380206e-05
2026-01-03,2.3862272e-05
2026-01-04,2.3344335e-05
2026-01-05,2.2826403e-05
2026-01-06,2.2308466e-05
2026-01-07,2.179053e-05
2026-01-08,2.1272597e-05
2026-01-09,2.112595e-05
2026-01-10,2.0584845e-05
2026-01-11,2.012625e-05
2026-01-12,1.9667645e-05
2026-01-13,1.9515026e-05
2026-01-14,1.9374718e-05
2026-01-15,1.9234409e-05
2026-01-16,1.90941e-05
2026-01-17,1.8970617e-05
2026-01-18,1.8847131e-05
2026-01-19,1.8583696e-05
2026-01-20,1.831512e-05
2026-01-21,1.8046543e-05
2026-01-22,1.7777968e-05
2026-01-23,1.7509392e-05
2026-01-24,1.7240816e-05
2026-01-25,1.7310926e-05
2026-01-26,1.7381033e-05
2026-01-27,1.7451144e-05
2026-01-28,1.7521254e-05
2026-01-29,1.7591363e-05
2026-01-30,1.8227081e-05
2026-01-31,1.9497702e-05
2026-02-01,2.014772e-05
2026-02-02,2.0797737e-05
2026-02-03,2.1447753e-05
2026-02-04,2.1199663e-05
2026-02-05,1.9521518e-05
2026-02-06,1.7463577e-05
2026-02-07,1.7743376e-05
2026-02-08,1.8023176e-05
2026-02-09,1.8487246e-05
2026-02-10,1.8677534e-05
2026-02-11,1.8867826e-05
2026-02-12,1.9058116e-05
2026-02-13,1.9248402e-05
2026-02-14,1.9438694e-05
2026-02-15,1.9628984e-05
2026-02-16,1.8079118e-05
2026-02-17,1.907047e-05
2026-02-18,2.006182e-05
2026-02-19,2.105317e-05
2026-02-20,2.0899724e-05
2026-02-21,2.0945257e-05
2026-02-22,2.099079e-05
2026-02-23,2.1036329e-05
2026-02-24,2.1081863e-05
2026-02-25,2.11274e-05
2026-02-26,2.1172935e-05
2026-02-27,2.1218473e-05
2026-02-28,2.204252e-05
2026-03-01,2.2866572e-05
2026-03-02,2.3535236e-05
2026-03-03,2.42039e-05
2026-03-04,2.2896565e-05
2026-03-05,2.1616173e-05
2026-03-06,2.1277392e-05
2026-03-07,2.0938609e-05
2026-03-08,2.0918149e-05
2026-03-09,2.0897694e-05
2026-03-10,2.0196358e-05
2026-03-11,1.9400291e-05
2026-03-12,2.01767e-05
2026-03-13,1.9843666e-05
2026-03-14,2.5066498e-05
2026-03-15,2.2792034e-05
2026-03-16,2.553791e-05
2026-03-17,2.4622621e-05
2026-03-18,2.3707331e-05
2026-03-19,2.2732078e-05
2026-03-20,1.9022596e-05
2026-03-21,1.616246e-05
2026-03-22,1.8311182e-05
2026-03-23,2.0459907e-05
2026-03-24,2.2048516e-05
2026-03-25,2.3637127e-05
2026-03-26,2.5052574e-05
2026-03-27,2.6468017e-05
2026-03-28,2.9026309e-05
2026-03-29,3.1584597e-05
2026-03-30,3.118482e-05
2026-03-31,3.152488e-05
2026-04-01,3.186493e-05
2026-04-02,2.9098443e-05
2026-04-03,2.6331956e-05
2026-04-04,2.5523907e-05
2026-04-05,2.4102794e-05
2026-04-06,2.5679077e-05
2026-04-07,2.5745156e-05
2026-04-08,2.5738727e-05
2026-04-09,2.5732288e-05
2026-04-10,2.5785905e-05
2026-04-11,2.5839523e-05
2026-04-12,2.589314e-05
2026-04-13,2.6134796e-05
2026-04-14,2.6034213e-05
2026-04-15,2.9130264e-05
2026-04-16,2.6601701e-05
2026-04-17,2.5834814e-05
2026-04-18,2.809764e-05
2026-04-19,2.331035e-05
2026-04-20,2.9546385e-05
2026-04-21,2.7260881e-05
2026-04-22,2.3666069e-05
2026-04-23,2.0071257e-05
2026-04-24,2.3676594e-05
2026-04-25,3.0300882e-05
2026-04-26,2.602725e-05
2026-04-27,2.5323992e-05
2026-04-28,2.6336864e-05
2026-04-29,2.5506915e-05
2026-04-30,2.5889894e-05
2026-05-01,2.6272875e-05
2026-05-02,2.5917947e-05
2026-05-03,2.9348354e-05
2026-05-04,3.277877e-05
2026-05-05,2.335738e-05
2026-05-06,3.025102e-05
2026-05-07,2.5843192e-05
2026-05-08,2.7444104e-05
2026-05-09,3.4025907e-05
2026-05-10,2.1345386e-05
2026-05-11,2.576974e-05
2026-05-12,2.5555013e-05
2026-05-13,2.4158158e-05
2026-05-14,2.5988731e-05
2026-05-15,2.7819306e-05
2026-05-16,2.5445772e-05
2026-05-17,2.0766016e-05
2026-05-18,2.0942858e-05
2026-05-19,2.284363e-05
2026-05-20,2.47444e-05
2026-05-21,2.75661e-05
2026-05-22,2.9501676e-05
2026-05-23,2.8669221e-05
2026-05-24,2.812716e-05
2026-05-25,3.0037048e-05
2026-05-26,2.6677204e-05
2026-05-27,2.7215816e-05
2026-05-28,2.5705716e-05
2026-05-29,1.963639e-05
2026-05-30,2.0621768e-05
2026-05-31,2.7367727e-05
2026-06-01,3.1159234e-05
2026-06-02,2.78239e-05
2026-06-03,2.2876971e-05
2026-06-04,2.5743773e-05
2026-06-05,3.3222466e-05
2026-06-06,3.2637545e-05
2026-06-07,4.131132e-05
2026-06-08,3.8199843e-05
2026-06-09,3.2634478e-05
2026-06-10,3.3774893e-05
2026-06-11,2.9610048e-05
2026-06-12,3.21358e-05
2026-06-13,2.9800096e-05
2026-06-14,2.5475507e-05
2026-06-15,2.3619114e-05
2026-06-16,3.4073713e-05
2026-06-17,3.255851e-05
2026-06-18,2.9144127e-05
2026-06-19,3.7946902e-05
2026-06-20,2.4514013e-05
2026-06-21,2.95531e-05
2026-06-22,3.0938685e-05
2026-06-24,2.896545e-05
2026-06-25,2.6564925e-05
2026-06-26,2.6357076e-05
2026-06-27,2.5932422e-05
2026-06-28,2.8685936e-05
2026-06-29,3.453225e-05
2026-06-30,3.9766754e-05
2026-07-01,3.609778e-05
2026-07-02,3.4498164e-05
2026-07-03,3.468002e-05
2026-07-04,4.6470966e-05
2026-07-05,3.8508973e-05
2026-07-06,3.296098e-05
2026-07-07,2.8915603e-05
2026-07-08,3.420404e-05
2026-07-09,4.9641985e-05
2026-07-10,4.1750656e-05
2026-07-11,3.735558e-05
2026-07-12,6.366506e-05
2026-07-13,3.9271003e-05
2026-07-14,4.5166507e-05
2026-07-15,3.5204528e-05
2026-07-16,3.9332383e-05
2026-07-17,3.802846e-05
2026-07-18,4.391442e-05
2026-07-19,3.5669866e-05
2026-07-20,3.960966e-05
2026-07-21,2.9124181e-05
2026-07-22,2.8454067e-05
2026-07-23,3.1241216e-05
2026-07-24,2.2005619e-05
2026-07-25,4.8430054e-05
2026-07-26,4.069736e-05
2026-07-27,4.099098e-05
2026-07-28,3.7355396e-05
2026-07-29,3.26278e-05
2026-07-30,3.3494107e-05
2026-07-31,3.133262e-05
2026-08-01,3.5718043e-05
2026-08-02,2.4055453e-05
2026-08-03,2.7277785e-05
2026-08-04,3.1392232e-05
2026-08-05,3.460863e-05
2026-08-06,3.3166612e-05
2026-08-07,3.199243e-05
2026-08-08,3.3461576e-05
2026-08-09,3.0168985e-05
2026-08-10,3.923325e-05
2026-08-11,3.0247693e-05
2026-08-12,3.8707884e-05
2026-08-13,5.4791413e-05
2026-08-14,2.9597126e-05
2026-08-15,3.0961684e-05
2026-08-16,3.8731643e-05
2026-08-17,3.793545e-05
2026-08-18,3.7139253e-05
2026-08-19,3.634305e-05
2026-08-20,3.4508885e-05
2026-08-21,3.7246456e-05
2026-08-22,3.4471435e-05
2026-08-23,3.527963e-05
2026-08-24,3.8520622e-05
