id,nama,daerah,abs_energy,auc,autocorr,average_power,calc_centroid,calc_max,calc_mean,calc_median,calc_min,calc_std,calc_var,dfa,distance,ecdf,ecdf_percentile,ecdf_percentile_count,ecdf_slope,entropy,fundamental_frequency,higuchi_fractal_dimension,hist_mode,human_range_energy,hurst_exponent,interq_range,kurtosis,lempel_ziv,lpcc,max_frequency,max_power_spectrum,maximum_fractal_length,mean_abs_deviation,mean_abs_diff,mean_diff,median_abs_deviation,median_abs_diff,median_diff,median_frequency,mfcc,mse,negative_turning,neighbourhood_peaks,petrosian_fractal_dimension,pk_pk_distance,positive_turning,power_bandwidth,rms,skewness,slope,spectral_centroid,spectral_decrease,spectral_distance,spectral_entropy,spectral_kurtosis,spectral_positive_turning,spectral_roll_off,spectral_roll_on,spectral_skewness,spectral_slope,spectral_spread,spectral_variation,spectrogram_mean_coeff,sum_abs_diff,wavelet_abs_mean,wavelet_energy,wavelet_entropy,wavelet_std,wavelet_var,zero_cross,cluster
3,Nurhabibatul Umah,"Kerek, Tuban",0.3255515950922487,10.822535522608066,3,0.0008919221783349,185.17218306686735,0.038546168555816,0.0296543116307645,0.0295049579193194,0.0216163210570812,0.0031791562084907,1.01070341979e-05,1.0429057264475077,365,0.0150273224043715,0.0296272213260332,182.5,108.4588635874342,0.9984744065485794,0.0027322404371584,1.90131817274396,0.0292347524315118,0,0.7427203251031046,0.0046229835987711,-0.3929037880327453,0.1885245901639344,0.905428415376834,0.3934426229508196,22.07591053059286,-0.0440020152182909,0.0025906658373101,0.0019299196195044,2.09616105918e-05,0.0023178001089641,0.0011636325313399,-0.0001462747653325,0.0,12.119794382550552,1.2525633567602954,75,16,1.0265647814982015,0.0169298474987348,75,0.3360655737704918,0.0298242390094446,0.1902163829093532,3.4650711468e-06,0.0779547496096633,-7.553301828201109,-1210.9976932699997,0.7763393290114154,4.628717009415548,59,0.3934426229508196,0,1.6746823343384538,-0.0443961656706438,0.130288068459287,0.5541029296237545,1.46214033041e-05,0.7044206611191227,0.0018149951179669,0.0080064843387247,2.144113099442884,0.0077724179612452,6.86405848294e-05,0,1
4,Verdi Setyawan Ardiansyah Putra,Menganti Gresik,0.3119461124480203,10.599365408987836,3,0.0008546468834192,183.6145012566878,0.0367012741310256,0.0290413229210367,0.0289050919669014,0.0207940568445158,0.0029855226746633,8.9133456409e-06,0.9878743329546718,365,0.0150273224043715,0.028923667864906,182.5,129.72900647489493,1.0000000000000002,0.0027322404371584,1.916911182910388,0.0295430263520961,0,0.7480642250632242,0.0039970346555831,-0.2571971491230362,0.1939890710382513,0.9110704568173515,0.4153005464480874,32.51131678882789,-0.0437331623824992,0.0024033387429589,0.0019426782632462,1.89902840903e-05,0.0020326555601576,0.0012715784360057,-0.0001989202411925,0.0,14.603932895694689,1.4327855817744015,74,17,1.026061871834679,0.0159072172865098,74,0.3879781420765027,0.0291943792988455,0.2119652702478337,1.4513507935e-06,0.0824364465405127,-7.475631678294239,-1161.0494778157872,0.8149544293706726,4.410508699402478,61,0.4153005464480874,0,1.620867569908759,-0.043239666674152,0.1351352428873905,0.5924561133665129,1.47160397607e-05,0.7090775660848692,0.0017146069821685,0.0075204872178425,2.139120580180281,0.0072972151562736,6.02723177255e-05,0,1
5,Okan Syailendra wahyudi,"Manyar, Gresik",0.3063319171791554,10.489405833929752,3,0.0008415712010416,180.90255292030955,0.0364875681698322,0.0288268069897407,0.0288974400609731,0.0211124308407306,0.0028776249398534,8.2807252944e-06,0.9980619667541256,364,0.0150684931506849,0.0287581328302621,182.5,141.57614830832327,1.0000000000000002,0.0027397260273972,1.8815471484643336,0.0295687563717364,0,0.8190841055697703,0.003986157476902,-0.1547976689697949,0.1863013698630137,0.9029284414149408,0.3780821917808219,18.741802366989795,-0.0869476843575467,0.0022762122701301,0.001712676513285,2.25761035395e-05,0.0019231755286455,0.0011023636907338,0.0001117717474699,0.0,11.976767086339128,1.223359506978026,66,18,1.0232662962752737,0.0153751373291016,65,0.3123287671232876,0.0289700798500493,0.0529940625422371,-1.6615432493e-06,0.0774717697685524,-7.597745807670327,-1167.052697227005,0.8353112549268975,4.54516879522901,59,0.3780821917808219,0,1.6454350904617578,-0.0448290231148806,0.1277776805481169,0.6613995468574732,1.35283618615e-05,0.6234142508357762,0.0016764177631159,0.007558490543052,2.1262520896234425,0.0073475569942288,6.12246880471e-05,0,1
6,Mochammad Zaenal Abidin,"Widang, Tuban",0.3208446642645925,10.744960280565529,3,0.0008790264774372,184.81904269992745,0.0378966584801673,0.0294391476306504,0.0291686196855845,0.0211898256093263,0.003156161043265,9.961352531e-06,0.8306044993092944,365,0.0150273224043715,0.0293762572264919,182.5,101.64032221860792,0.9984744065485794,0.0027322404371584,1.9252775926581325,0.0270372171141206,0,0.7453845821146617,0.0042654896737076,-0.1774893106580104,0.1885245901639344,0.9053115034497358,0.3934426229508196,55.37078610047141,-0.0487449153340874,0.0025486788454822,0.0019135220422395,1.79677711774e-05,0.0021833935636096,0.0013120082249634,6.87240622937e-05,0.0,12.016885708919425,1.2672388311413918,78,16,1.0275678387985865,0.016706832870841,78,0.3852459016393442,0.0296078497319588,0.2263687448290856,3.0087715179e-06,0.0774797790617326,-7.701348593352511,-1195.411089644201,0.7458646798221461,4.804561625753788,55,0.3934426229508196,0,1.7039200931704188,-0.0445187315135646,0.1295368013565783,0.4741904590380817,1.34750773826e-05,0.6984355454174326,0.0017672183069484,0.0075190009708036,2.1470707392195094,0.0072800905155666,5.95219492991e-05,0,1
7,M. Hendrik Purwanto,"Sreseh, Sampang",0.3001284186263094,10.334233529306934,4,0.0008313806610147,178.34262365831626,0.0386644899845123,0.0286297500555439,0.0282798599717872,0.021544212475419,0.0030694366114206,9.4214411115e-06,1.0424843835795732,361,0.0151933701657458,0.0285221091471611,180.5,107.07838905806553,0.9984546721760592,0.0027624309392265,1.8324443514189808,0.0275363096036016,0,0.8637640727803793,0.0042141907382756,-0.1779981465519666,0.1795580110497237,0.91802690829793,0.3950276243093922,21.949312599892,-0.1148321672865177,0.0024734914629233,0.001694321100938,7.226965145e-06,0.0021023103701216,0.0008790008723735,9.6309185028e-05,0.0,8.444975537367739,0.8041234984638576,54,16,1.019508282075393,0.0171202775090933,53,0.3287292817679558,0.0287938192908555,0.4140328507824737,-2.9610060193e-06,0.0757449241343076,-7.546029543581277,-1158.4965128418596,0.7927698952803972,4.919090073992349,58,0.3950276243093922,0,1.7612747343928352,-0.0454551161688925,0.1303221974911417,0.6848865627335483,1.69779798624e-05,0.6116499174386262,0.0016983332042741,0.0078299480058295,2.0985785257801983,0.0076239518560201,6.75236039328e-05,0,1
8,Robbaniyah Umdatun Ni'mah,"Cerme, Gresik",0.2315015870191241,7.741078210170462,1,0.0008802341711753,132.85259092101768,0.0384883756899931,0.0294365585573291,0.0293665619261911,0.0215908823166185,0.0032231926921836,1.03889711309e-05,0.7221204466844455,263,0.0208333333333333,0.0293722119349345,131.5,102.10469595785231,1.0,0.0037878787878787,1.960571322512249,0.029194754334637,0,0.7107368606586961,0.0047681502892967,-0.3731511395012532,0.2196969696969697,0.8457270525359873,0.428030303030303,13.35829711111457,-0.0799064366486904,0.0026396700599433,0.0029209554234083,2.72222034899e-05,0.0023609833365332,0.002416686787353,6.5532436138e-05,0.0,24.80915063079907,1.5861827964837198,76,9,1.0386054250228296,0.0168974933733746,76,0.4659090909090909,0.0296124965315323,0.1221327911579708,3.7335349718e-06,0.0961885500026063,-7.142752893720544,-561.36702352611,0.8762861600129594,3.351166702940074,42,0.428030303030303,0,1.33388477314553,-0.0546823783628934,0.1478431233776027,0.6535331097236516,1.7186888981e-05,0.7682112763563955,0.0023920896350615,0.0081399820766093,2.1391780254234893,0.0077397564987309,6.85663478705e-05,0,1
10,Ainur Raftuzzaki,Nunukan,0.2786199986281845,10.01631342826616,7,0.000763342461995,187.753747784486,0.0348969362676143,0.0274505355283979,0.0271924193948507,0.0208626203238964,0.0027793751199013,7.7249260571e-06,1.0954507308147343,365,0.0150273224043715,0.0273829610086977,182.5,113.63044758302875,0.9893208458400552,0.0081967213114754,1.7964234784736648,0.0257746309041976,0,0.8682891962200456,0.0037736261729151,-0.3156464470011535,0.1666666666666666,0.9171558417471538,0.3825136612021858,49.08328465173442,-0.2453682939316132,0.0022638527357194,0.0012369443916203,-5.293076169e-07,0.0019573241006583,0.0006757401343849,2.16304324567e-05,0.0,8.431428001660597,1.1281705555398855,59,15,1.021322736901369,0.0140343159437179,59,0.3524590163934426,0.027590883038659,0.1840970042301398,6.1967403978e-06,0.0652979963420798,-8.903145728276524,-1124.9889873588209,0.6710605552711352,5.956973686824654,54,0.3825136612021858,0,2.0092507985785617,-0.0476622326713035,0.1238251974421082,0.8500242346870639,1.28762517308e-05,0.4514847029414442,0.0016940211041172,0.0076034442992045,2.0835286849171464,0.0073996901072253,6.59182262608e-05,0,1
11,Magdalena Jovita Hatuopar,"Pilangkenceng, Madiun",0.3191231103157135,10.70592105044533,17,0.0008767118415266,187.2374497494925,0.0371839126639906,0.029419709836545,0.02916151292975,0.0218808816692504,0.0029648885998332,8.7905644094e-06,0.8180681689739742,364,0.0150684931506849,0.0295833053503557,182.5,118.97797399955932,0.9993562486743118,0.0027397260273972,1.8886884089794007,0.0287672456168834,0,0.7549228157004966,0.0037465126501158,-0.2151088502862097,0.1835616438356164,0.91569862430243,0.4,52.115288272059445,-0.1543055653865519,0.0023378675204245,0.0017070570658241,8.4955585634e-06,0.0017815178745849,0.0012873231341746,0.0001247856533708,0.0,12.882403220344486,1.1734935612604735,93,17,1.032628608096113,0.0153030309947401,93,0.3561643835616438,0.0295687316480759,0.2940346075734156,6.7068498816e-06,0.0702921016992893,-8.729571357656676,-1169.6412810895033,0.6695613552314611,5.442776136631981,60,0.4,0,1.8873682957615965,-0.0467019940612193,0.1280225443525031,0.3894286626907909,9.9503670973e-06,0.6213687719599846,0.0018610677745446,0.007592480779205,2.1249299942094844,0.0073406507961046,6.33344783409e-05,0,1
12,Rachelia Andini Tendean,"Tikala, Manado",0.2337529141957328,9.101386292837542,7,0.0006457262823086,185.41958516409665,0.0334461443126201,0.0251556202543503,0.0248763933777808,0.0164867080748081,0.0033379921578291,1.11421916457e-05,0.989990578716813,362,0.0151515151515151,0.0251066572964191,181.0,96.33108827729929,0.999352098450388,0.0055096418732782,1.8219383426980849,0.0241184543818235,0,0.8260607639486119,0.0047839572653174,-0.473920551780369,0.1763085399449036,0.8862867666411804,0.4077134986225895,83.87093268209352,-0.1287605515727435,0.0027558503163198,0.0016362340400479,1.21516242458e-05,0.0023076739162206,0.0009775059297681,0.0001539224758743,0.0,17.709090468675672,1.3231655239080256,64,13,1.022897545459833,0.016959436237812,63,0.3278236914600551,0.0253761191285588,0.2342349556394017,4.877317003e-06,0.0795309401443998,-6.454382162523009,-1068.7441542469724,0.7345703471251598,4.679481582522581,61,0.4077134986225895,0,1.6845327985579237,-0.0445328899936651,0.1314445256441058,0.7997994566830104,1.66903249815e-05,0.5923167224973444,0.0015395567549893,0.0075934976540608,2.1121709946841047,0.0074219453395288,6.39202196972e-05,0,1
13,Kurnia Maulinda Sari,"Labang, Bangkalan",0.3052118337681422,10.48943324876016,3,0.0008361968048442,180.4202639295856,0.0357047170400619,0.0287431058953541,0.0288129330923159,0.0213861521333456,0.002783159644912,7.745977609e-06,1.068216738008008,365,0.0150273224043715,0.0285402070730923,182.5,145.08322861588903,0.9993583051330968,0.0027322404371584,1.909264346291688,0.0292613628320395,0,0.809913669278033,0.0035894701140932,-0.10113680502281,0.180327868852459,0.9185871831829944,0.412568306010929,33.19306300418844,-0.0870501183155097,0.0021922657701439,0.0017065499768885,1.6404754699e-05,0.0017781656545897,0.0010045869275927,-9.20141012304e-05,0.0,16.10855580011651,1.151793192997281,67,17,1.0238718287035204,0.0143185649067163,67,0.3579234972677595,0.0288775364967409,-0.0390901204622809,-2.9162370073e-06,0.0778817745264111,-8.02454616274315,-1145.5295068343564,0.8122489164905666,4.795352744556196,61,0.412568306010929,0,1.714058419920848,-0.0444149968437134,0.1314990143757991,0.6154709839395578,1.20992615969e-05,0.6228907415643332,0.0016950271039216,0.0073070651021544,2.1286154235877444,0.0070856054103264,5.77773598532e-05,0,1
14,Marshella Aulia Putri,"Kec. Kalianget, Sumenep",0.1529917850684383,5.467815555632104,1,0.0007688029400424,99.43049426158672,0.0352353882044553,0.0274805418681352,0.0270227962173521,0.021211814135313,0.0031270983316575,9.7787439758e-06,0.7720275303174812,199,0.0274999999999999,0.0275743519887327,100.0,99.53171987671963,1.0,0.005,1.936760483453436,0.0261200650595128,0,0.7472094279277519,0.0042179885786027,-0.45741885066453,0.235,0.8121207040202977,0.45,12.65268688203878,-0.2200929224675519,0.002534002399072,0.003014693242596,1.22032086154e-05,0.0021084626205265,0.0025943396613001,0.0001618731766939,0.0,23.433224732592556,1.6410057425022768,63,7,1.0442966288110014,0.0140235740691423,63,0.475,0.0276578908332177,0.3465292400719351,-1.06107618e-07,0.0938793056426249,-7.261172720927381,-297.563218124596,0.8859921412049399,3.720983006638159,34,0.45,0,1.4428716858496038,-0.0727411505450785,0.1491597743312831,0.6786464197044175,1.75065990234e-05,0.5999239552766081,0.0029411175181067,0.008839974288004,2.1204796253993017,0.0082806456505699,7.8028457122e-05,0,1
15,Ahmad Dafi Zidni Alfarisi,"Paciran, Lamongan",0.3261721095085239,10.840512623156709,3,0.0008936222178315,185.07759074688573,0.0381157919764518,0.02969817797851,0.0293240182412167,0.0214683692902326,0.0030329609013656,9.1988518292e-06,0.8442813182555977,365,0.0150273224043715,0.0297098490409552,182.5,99.6386125089592,0.9993583051330966,0.0027322404371584,1.8550407313269643,0.0289597094990312,0,0.7724320605554348,0.0044292990816757,-0.3862211448823269,0.180327868852459,0.9152375715417366,0.4180327868852459,31.49727086766013,-0.1221491509812873,0.0024928759965579,0.0017836211011085,1.26787133889e-05,0.002102060864369,0.0011128927063611,-3.6917626857e-06,0.0,17.339128058210758,1.3836121445073193,70,13,1.025053267749791,0.0166474226862191,71,0.3989071038251366,0.0298526485771777,0.2500534274585334,3.5002598194e-06,0.0775169742678131,-7.749308870376574,-1202.5143541088692,0.7928065731365651,4.95908799892208,54,0.4180327868852459,0,1.7605723847228218,-0.0445091333146747,0.133447282332006,0.5998429825559328,1.3903348736e-05,0.6510217019046344,0.0018103701548711,0.0077099713424714,2.1195423966776747,0.0074735452368033,6.50838844187e-05,0,1
16,Rian Renaldy,"Waru, Pamekasan",0.2728159162434501,9.911389610543829,2,0.0007474408664204,178.9159492235279,0.0347780734300613,0.0271575462775396,0.0271900122364361,0.0195908397436141,0.0028047029154774,7.866358444e-06,0.8396127221274393,365,0.0150273224043715,0.0271526501824457,182.5,129.58034584951386,1.0000000000000002,0.0027322404371584,1.9052376273372191,0.02794381827116,0,0.7531700627007136,0.0037886042599424,-0.0759042533674967,0.1857923497267759,0.9003288023473011,0.407103825136612,20.98546844181017,-0.0732600538534966,0.0022279534734192,0.0018550885846353,-1.604650935e-06,0.0019136465021541,0.0011339469088448,0.0003033012151717,0.0,15.188686382445717,1.3548206458578618,67,18,1.0237026322725993,0.0151872336864471,67,0.3825136612021858,0.0273019903717804,-0.1046690942896021,-4.3948459641e-06,0.0826383359058295,-7.526397237296609,-1081.444870175053,0.8188878564597593,4.149613880691264,58,0.407103825136612,0,1.555722286895009,-0.0431875692539128,0.1344232479800142,0.6439259845273962,1.3589877763e-05,0.6771073333919051,0.0015776742760583,0.0069961178197022,2.1396723256004564,0.0067936369613858,5.21613089927e-05,0,1
17,Ahmad Syahrul Farihin,"Gresik Kota, Gresik",0.3079690046760604,10.527943643741292,2,0.0008437506977426,182.0654085452379,0.0385898947715759,0.0288479211511181,0.0284828785806893,0.0193852093070745,0.0030401995372422,9.2428132262e-06,0.9418919620674092,365,0.0150273224043715,0.0287347761914133,182.5,117.8446545772658,1.0000000000000002,0.0027322404371584,1.8793769399708544,0.0280273177661001,0,0.7730630719827205,0.0036013106672236,0.5469137261071682,0.1775956284153005,0.8994462463326363,0.3989071038251366,19.357037409172023,-0.073211270506671,0.0023463809521491,0.0018145679866206,1.55937334854e-05,0.0018162250518798,0.001025674243768,-4.60036098956e-05,0.0,17.533387365652796,1.0749554280608953,62,15,1.022004842982733,0.0192046854645014,62,0.3579234972677595,0.0290076777417182,0.3507458957974663,-9.121896844e-07,0.0835917000259301,-7.267824497224788,-1160.1284494085514,0.8279904174257009,4.242094372436628,54,0.3989071038251366,0,1.5592595193085732,-0.0429415542588786,0.133380314055888,0.6605948539025221,1.4639439943e-05,0.6623173151165259,0.0016860351649668,0.0074516565515082,2.137603005149772,0.0072327695786992,5.85042407168e-05,0,1
18,Dedy Nurohim,sambeng lamongan,0.3125751849265655,10.60993478350484,2,0.0008563703696618,185.40923187514355,0.0370823323726654,0.0290779206407158,0.0288107578953106,0.0220477441946665,0.00291634893675,8.5050911208e-06,0.764371584940424,365,0.0150273224043715,0.0290166658393683,182.5,105.01950507031572,1.0000000000000002,0.0027322404371584,1.920791104182086,0.0273098500569661,0,0.7239096596086813,0.0042708879323689,-0.2908994175978998,0.1939890710382513,0.8873074204477058,0.412568306010929,45.81462701008956,-0.0643175964866897,0.0023751570574957,0.0020551064458879,8.9605295494e-06,0.0020779316624005,0.0015628693195489,2.2675593694e-05,0.0,20.37691647656564,1.5779656557987354,86,13,1.0300595783296291,0.0150345881779989,86,0.412568306010929,0.0292238012570002,0.3556627943648406,3.7161192012e-06,0.0837413006999488,-7.656518657261763,-1141.5151775902268,0.7874490515247945,4.296188745286341,61,0.412568306010929,0,1.5740151550926158,-0.0429029499016348,0.1354496327879088,0.5020180495426252,1.21121286583e-05,0.7501138527490897,0.0017401363280052,0.0070211134739874,2.1454866813213225,0.0067767319448484,5.22443891845e-05,0,1
19,Deo Candra Saputra,"Widodaren, Ngawi",0.3232328029995656,10.7844400755,4,0.0008855693232864,186.4409482457296,0.037933614,0.0295530494699453,0.029181115,0.021309028,0.0031252203119865,9.7670019984e-06,0.9784441628093103,365,0.0150273224043715,0.02960452625,182.5,89.36262997794522,0.9852410180612222,0.0027322404371584,1.9009512380150533,0.0271276331,0,0.7868748621088639,0.0048316478749999,-0.4714903664766883,0.1912568306010929,0.9042641277689786,0.3989071038251366,31.58606574329585,-0.0716945587824004,0.0025725562340395,0.0020441825835616,1.83646328767e-05,0.0023451245,0.0017136359999999,5.4568e-05,0.0,14.186328777439703,1.15428532964354,97,16,1.0340002294205652,0.0166245859999999,98,0.4043715846994535,0.0297178353009012,0.326253620160975,5.0608498417e-06,0.0793904614997316,-7.694134281029819,-1187.037097528797,0.7512796371673883,4.513453372773427,55,0.3989071038251366,0,1.6595144527299743,-0.0440256811453101,0.1341679880945449,0.5062337043178698,1.35559957575e-05,0.746126643,0.0018049289969335,0.0075791221294093,2.139069345815139,0.0073365969717214,6.15860328859e-05,0,1
20,AHMAD MAULANA ISHAQ,"Kertosono, Ngajuk",0.3348938481313637,10.96441178925533,2,0.0009175173921407,186.9707582385925,0.0393774627397457,0.0300428601711039,0.029660247835896,0.0205743256956338,0.0035266225711881,1.24370667596e-05,0.7618040184128804,365,0.0150273224043715,0.0301391322476168,182.5,92.22890301463336,0.9984744065485794,0.0027322404371584,1.9146424339142751,0.0290357373654841,0,0.7255328527769024,0.0047129854016626,-0.269053963991682,0.1830601092896175,0.8843934775589299,0.4043715846994535,37.860969633312095,-0.0043722273667299,0.0028214645577859,0.0022845474976088,1.97014254709e-05,0.0023497939575463,0.0016472237184643,-0.0001535021699964,0.0,16.33355412856886,1.1663449303866529,79,21,1.0279013777389103,0.0188031370441118,79,0.3961748633879781,0.0302491407154008,0.2653636454857989,5.7996764929e-06,0.084232131533197,-6.855946367259161,-1233.3591111561348,0.7642571006222705,4.182904926433299,59,0.4043715846994535,0,1.5340110863339658,-0.0427762913223383,0.1334510959476784,0.485416597018415,1.65789755865e-05,0.833859836627242,0.0018458016266489,0.0079321928096857,2.139662963005979,0.0076890019438636,6.76101280674e-05,0,1
21,Triswanti Jannatul Ma'wa,Kedungpring Lamongan,0.3261478280227359,10.82284125778822,3,0.0008935556932129,184.68141917782845,0.0390732493251562,0.0296545718615884,0.0292799999782194,0.020191341638565,0.0034235437664813,1.1720651921e-05,1.0830411536199316,365,0.0150273224043715,0.0295689215883612,182.5,93.9382806421038,0.9987166102661934,0.0027322404371584,1.8818673512278428,0.028688200097531,0,0.792938457658707,0.0047343465711244,-0.0906293176799266,0.1775956284153005,0.9060738094946782,0.4043715846994535,30.01373938362923,-0.0343244543801633,0.0027108987024621,0.0019366722171233,1.47416855986e-05,0.0022704694420099,0.0011395504698157,-7.36762515523e-05,0.0,13.225243349863002,1.4242610408703122,68,14,1.0243787874691417,0.0188819076865911,68,0.3579234972677595,0.0298515373844484,0.2956935110695471,2.6534623382e-06,0.0831975416492326,-6.997724084274399,-1214.4374472764218,0.7755527593127761,4.333641430328664,56,0.4043715846994535,0,1.597005157353781,-0.0430432665732415,0.1347369497150661,0.5736336011815173,1.79536195552e-05,0.7068853592500104,0.001773882866266,0.0080040859446314,2.1375700627454397,0.0077772038003803,6.76712548033e-05,0,1
22,Muhammad Isa,"Bandung, Jogoroto, Jombang",0.3252991823548903,10.7914587335,4,0.0008936790724035,188.7960577868984,0.03845658,0.029652916189041,0.029662667,0.020692801,0.0034547356012356,1.19351980744e-05,0.9323051017205536,364,0.0150684931506849,0.029417929,182.5,116.98194079590778,0.9993562486743118,0.0027397260273972,1.8927043228075848,0.03046287945,0,0.8143409489220622,0.004960994,-0.3222889680896244,0.1835616438356164,0.9095236287973384,0.3753424657534246,58.22167093738604,-0.0613845361204642,0.0027705461573503,0.001824919271978,7.641271978e-06,0.002574591,0.001197211,-0.0001432209999999,0.0,14.911135193139458,1.0023503805869751,60,15,1.0215601941229049,0.0177637789999999,60,0.2986301369863013,0.0298534861714463,0.2807723135613451,8.6546266434e-06,0.075143996315393,-7.084371526441934,-1251.7821603613395,0.7305539895329254,4.913160306912134,55,0.3753424657534246,0,1.7149686870089855,-0.0454362729216079,0.1245124914770445,0.4141656315151686,1.45185963159e-05,0.664270615,0.0018276674175588,0.0079960823233263,2.127659482958528,0.0077603057479617,6.84862232004e-05,0,1
23,Lailatul Hasanah,"Socah, Bangkalan",0.3013781621579866,10.391711453286293,2,0.0008302428709586,182.01369313172827,0.0377066880464553,0.0286341733239495,0.0282137358250716,0.0203304110715786,0.0028365651772048,8.0461020045e-06,0.8882676720618325,363,0.0151098901098901,0.0286912458638349,181.5,113.26742389867876,0.9993541798166418,0.0027472527472527,1.9027129440160813,0.0281497357102731,0,0.7721562589515101,0.003669182570385,0.5359804211521104,0.1785714285714285,0.893851786218467,0.4010989010989011,9.14424429372858,-0.0776141219934058,0.0022219111412319,0.0018028821505407,1.65350482045e-05,0.0017002654882768,0.0009825583547353,-5.12713566422e-05,0.0,15.899827415287342,1.1907555387495177,67,14,1.024020096737766,0.0173762769748767,67,0.3983516483516484,0.0287743285577702,0.453548085408813,7.082625674e-07,0.0813910363183553,-7.586280002195928,-1132.3989068134624,0.8481698569710573,4.432469860422753,60,0.4010989010989011,0,1.6177765623308415,-0.0437445921454872,0.1333501456452714,0.731174453672399,1.36522112583e-05,0.6544462206463022,0.0017099073034289,0.0072716176858194,2.1295552668672277,0.0070437444060355,5.65256404552e-05,0,1
24,Mohammad Aziz Huzaini,"Tanah Merah, Bangkalan",0.2911109737442371,10.255066326612376,2,0.000797564311628,181.11677133486293,0.0343732684850692,0.0280990375663335,0.0280836299837876,0.0224391520023345,0.0024143864666528,5.8292620103e-06,1.085733826613722,365,0.0150273224043715,0.0280069651392598,182.5,174.16078234380478,0.9993583051330966,0.0027322404371584,1.9372893615285276,0.0278095044195651,0,0.7157033257766964,0.0031511091970299,-0.3396284546523271,0.1885245901639344,0.9235144359872968,0.3770491803278688,30.985685822348664,-0.12111595549797,0.0019152653106782,0.0014443602945933,6.9680483373e-06,0.0016236808845414,0.0007952795851797,0.0001066207575301,0.0,11.130850492416023,1.0839785018733252,60,17,1.021493424787648,0.0119341164827346,60,0.3469945355191257,0.0282025738925471,0.1798737939642135,-1.875167206e-06,0.0719954432700328,-9.220949840300635,-1095.8222724316345,0.8037643595141516,4.968197997786553,54,0.3770491803278688,0,1.7610347989124735,-0.0459339608200949,0.1256439299116296,0.6728128269633757,9.5594772636e-06,0.5271915075265698,0.0016717659905641,0.006980701233364,2.1388303985097226,0.0067542125685326,5.22388662476e-05,0,1
25,Laila Maghfiroh,"Kamal, Bangkalan",0.3085334539837999,10.54151050839571,2,0.0008452971342021,183.15936537636213,0.0373450219631195,0.0288883943919885,0.0287097847917012,0.0207101451233029,0.0029065871126862,8.4482486436e-06,0.8308063024830284,365,0.0150273224043715,0.0288125840015709,182.5,121.22674291682397,0.9993583051330968,0.0027322404371584,1.899516838240736,0.0281958397012203,0,0.7385349524838271,0.0039102333996977,-0.0641122196459029,0.1939890710382513,0.9027236391113322,0.4153005464480874,21.956628748876508,-0.0621989301790166,0.0023394576951459,0.0019188762782779,2.24230020013e-05,0.0019628450377948,0.0011588651686906,-0.0001398793732125,0.0,18.267665257711016,1.2367623298358543,64,15,1.0228550659105913,0.0166348768398166,64,0.3688524590163934,0.02903424838343,0.1837862984435745,7.724857911e-07,0.0865739508849274,-7.315944938938708,-1138.4139903607586,0.8536067144038612,4.093925743325054,62,0.4153005464480874,0,1.5266093559272396,-0.0421719863521386,0.1376567444070942,0.7513822714562761,1.38981547989e-05,0.7003898415714502,0.0016433018585457,0.0069990269707912,2.1432766725832395,0.006777157055986,5.14360695566e-05,0,1
26,A. Choiril Anwar El-Asfihani Risydan,"Banyu Ajuh, Perumnas, Kamal",0.3071655009668548,10.502279106527553,2,0.0008415493177174,183.95769887998645,0.0376965887844562,0.0287822341836499,0.0287612341583156,0.0201324615627527,0.003291352007794,1.08329980392e-05,0.895621380601636,365,0.0150273224043715,0.0286229597404598,182.5,123.44342448493478,0.9993583051330968,0.0027322404371584,1.876977845647746,0.0280363188125192,0,0.7866187495135936,0.004303409717977,-0.1533464605465471,0.1885245901639344,0.89132226426239,0.4043715846994535,17.455777831999757,-0.0415001545813836,0.0026037796303586,0.0019387629495499,2.44874711314e-05,0.0021712466214711,0.0011945155759652,-6.15697354078e-05,0.0,16.521466628902374,1.105283651267129,59,13,1.0209810373074868,0.0175641272217034,58,0.360655737704918,0.0289698119193356,0.1588178076291919,1.7318403782e-06,0.0857586912924583,-6.637775194989185,-1189.9573236545264,0.8271872695633676,4.237213900899058,58,0.4043715846994535,0,1.5439577690996724,-0.0423823635630742,0.1342026315822499,0.684008585921877,1.76807616932e-05,0.707648476585746,0.0016400984397595,0.0073703741831395,2.130699147713848,0.0071605135889846,5.7256858879e-05,0,1
27,Muhammad izzul Millah Aqil,"Wonokromo, Surabaya",0.3196349684791379,10.666838410124168,3,0.0008805371032483,180.9206188405799,0.0397442243993282,0.0293878541849962,0.0291701676324009,0.0201919209212064,0.0038042176165087,1.44720716737e-05,1.0172715326768984,363,0.0151098901098901,0.0294005619361996,181.5,88.34243111664938,1.0,0.0027472527472527,1.8851370795112747,0.0289904574863612,0,0.7671548382426017,0.0052634307648987,-0.1772150489570787,0.1895604395604395,0.8855492507497096,0.3956043956043956,18.50967550417438,0.0415033501807624,0.0030347917672105,0.00226866082178,3.26346000528e-05,0.0025464094413275,0.0014114910736679,-3.51931899786e-05,0.0,9.862811461796548,1.176364751811234,63,16,1.022313149982511,0.0195523034781217,62,0.3351648351648352,0.0296330566306001,0.1659433110183713,-5.033033863e-07,0.0871561471774303,-5.876429195259994,-1261.643198673631,0.8358528706047853,4.161981261901476,56,0.3956043956043956,0,1.5150722746619507,-0.0422488684443445,0.1323944142453439,0.682404605022312,2.48911968307e-05,0.8235238783061507,0.0017427600972352,0.0086600968704853,2.129852013626836,0.0084572012538824,8.01850604052e-05,0,1
28,Fathul Aziz Saifuddin,"Dukun, Gresik",0.3129504670190115,10.588419984167908,3,0.000859754030272,182.4022542110738,0.0385938324034214,0.0290907329798778,0.0288330796174704,0.0203225445002317,0.0033358348987266,1.11277944715e-05,0.9171935068941826,364,0.0150684931506849,0.0289306754246353,182.5,99.39830246823809,0.9993562486743118,0.0027397260273972,1.85241861369584,0.028544624056667,0,0.8025620855603253,0.0048754549800201,-0.1748172425968048,0.1753424657534246,0.906713738908902,0.421917808219178,21.052426477351915,-0.0927238068994005,0.0027112828356588,0.0019001441326679,1.31452586604e-05,0.0024208710528909,0.0011217197170481,-0.0001888557647664,0.0,17.49790214954187,1.238980582824318,72,16,1.0256369946301591,0.0182712879031897,72,0.4164383561643835,0.0292813684751603,0.3041840820312965,5.668753516e-07,0.0812093109173816,-7.002414854547032,-1192.3203872212057,0.777051467163839,4.493689965443611,57,0.421917808219178,0,1.645520084925576,-0.0438540050618217,0.1339527656884103,0.5344419716059292,1.71177968672e-05,0.6916524642911277,0.0017795351297802,0.00772270392425,2.1209195961407605,0.007492360169283,6.44507619973e-05,0,1
29,M. Fatihul Umam,"Kwanyar, Bangkalan",0.2959850866028207,10.31648439819724,3,0.0008131458423154,180.3546692298341,0.0353886224329471,0.0283434926595688,0.0283570569008588,0.0216007824055849,0.0027503580392649,7.5644693441e-06,0.9559052568848,364,0.0150684931506849,0.0282652620226144,182.5,144.9862716028151,0.9993562486743118,0.0027397260273972,1.8514424710013175,0.0291840944206341,0,0.7966835031047815,0.003584308666177,0.0821238606650673,0.1726027397260274,0.9457973995064752,0.3917808219178082,29.19150170949679,-0.1997367415099324,0.0021598279020846,0.0013476982847962,2.86915564684e-05,0.0017796189834674,0.0005723545327782,-2.38433988256e-05,0.0,10.121191337787543,0.8481070475165012,50,16,1.0182886219781857,0.0137878400273622,51,0.2328767123287671,0.0284766227893544,0.2491029267301245,-2.2150330093e-06,0.0720570506646318,-8.153516596870917,-1148.1563764765588,0.7981161479136735,5.362381114703725,50,0.3917808219178082,0,1.8519078141783287,-0.0462415691360045,0.1268857535988425,0.5931237105187706,1.17450232056e-05,0.4905621756658408,0.0016081649674932,0.0067002627529358,2.122624094995534,0.0064798723349001,4.76403518561e-05,0,1
30,Rahardian Ananta,"jabon , Sidoarjo",0.3168454733376838,10.650071452915032,2,0.0008680697899662,185.0403210267541,0.0395714454352855,0.0291864863469202,0.0290986016237487,0.0197092676535248,0.0037211596720478,1.38470293048e-05,1.1058488726339282,365,0.0150273224043715,0.029034371022135,182.5,104.4343620700198,0.997832711681676,0.0027322404371584,1.90027432397557,0.0286472476553171,0,0.7650821483222174,0.0046011385275051,0.0595298925970788,0.1830601092896175,0.8751514696197832,0.3907103825136612,29.732691337169683,0.0429826945329092,0.0029132103957585,0.002189950965617,2.07573685744e-05,0.002358480511854,0.0015457961708306,0.0001096872923274,0.0,14.289887265766849,1.4883118858466222,59,14,1.021322736901369,0.0198621777817607,59,0.3497267759562841,0.0294227465506508,0.1397085344032204,3.0232289379e-06,0.0839515465048982,-6.170397287378608,-1261.6347269898647,0.8057625300663089,4.327783385612707,61,0.3907103825136612,0,1.5506259499741857,-0.0428486961075491,0.1285491170452111,0.6164401009927777,2.23231094808e-05,0.7993321024502322,0.001735656416411,0.0085987567750686,2.133406286141951,0.0083977205693738,7.87814680903e-05,0,1
31,Alifah Sayyidaturrhohma,"Kota Sumenep, Sumenep",0.2843796109318964,10.110612344928064,4,0.0007812626673953,179.84032332464253,0.0349349603056907,0.0277827073398925,0.0276816366240381,0.0198397375643253,0.0026913555315308,7.2433945971e-06,1.007746003562795,364,0.0150684931506849,0.0276562389917671,182.5,156.15641618332242,1.0000000000000002,0.0027397260273972,1.8423902595240325,0.0281421100720762,0,0.8351029070270857,0.0033608078956605,-0.1692748774407304,0.1726027397260274,0.925239083502071,0.3753424657534246,50.77741539152298,-0.1818402071959268,0.0021217936824362,0.001347451005131,2.39595269354e-05,0.0017001507803797,0.000811643898487,-7.87600874901e-05,0.0,5.973491830632156,1.2364535885766137,62,15,1.021902274772274,0.0150952227413654,61,0.3123287671232876,0.0279127609120134,0.1433557854548388,-2.8013836519e-06,0.0668310252450415,-8.45829392786256,-1141.0675826404804,0.785150859351143,5.890533271009113,59,0.3753424657534246,0,1.971492346125589,-0.0476048903482517,0.1221126465743432,0.6165403900105586,1.13427847417e-05,0.4904721658676861,0.0015854038549028,0.0070554155957221,2.1146378385884934,0.0068539525129247,5.37331901677e-05,0,1
33,Muhammad Ali Murtadho,Baron Nganjuk,0.3376794241179837,11.016250945488522,10,0.0009251491071725,186.7773797297089,0.038848145554463,0.0301864021329526,0.0300952941179274,0.0218767039477825,0.0033767593398419,1.14025036392e-05,0.7913557725828686,365,0.0150273224043715,0.0299766845225045,182.5,117.68021270046602,0.997832711681676,0.0027322404371584,1.8915310367220977,0.0312109968314567,0,0.741490152141208,0.0044884336885944,-0.3165308408192473,0.180327868852459,0.8972981560762786,0.3743169398907104,60.66992095958264,-0.0737117750998818,0.0027146124138749,0.0019153978980064,2.07712587473e-05,0.0022496615915938,0.0013260508163107,-8.2877804598e-06,0.0,13.56195502117142,1.048205643329894,69,18,1.0247162362808873,0.0169714416066804,69,0.3387978142076502,0.0303746831649572,0.2309819662345161,5.5688040773e-06,0.0746161880569751,-7.757082731592501,-1241.1517427331298,0.6887983979911486,4.832210816035115,57,0.3743169398907104,0,1.7008376295202083,-0.0452576793216078,0.125912368716618,0.407332901115807,1.3915522591e-05,0.699120232772337,0.0018720032063295,0.0078673018941523,2.130717662472464,0.0076180259704424,6.7040056856e-05,0,1
34,Fahdimas akmal,"Kwanyar, Bangkalan",0.2939204195231448,10.303410614079787,2,0.000805261423351,182.9215608403074,0.0361140679035867,0.0282297071914216,0.0279896277468651,0.02282948885113,0.0024788883424466,6.1448874143e-06,0.9473223627486652,365,0.0150273224043715,0.0280993613480988,182.5,133.05449516267208,0.9993583051330968,0.0054644808743169,1.9210516492805665,0.0274790915194898,0,0.7350103485897873,0.0034588953359179,0.1812775683201382,0.1939890710382513,0.9203628622567624,0.3961748633879781,11.438265926598223,-0.1079345364877927,0.0019862729096717,0.0016718156731238,2.0570065571e-05,0.0017402291155627,0.0010697036393379,7.69340805709e-05,0.0,11.534863527720892,1.462009080680693,72,17,1.025726084160307,0.0132845790524567,73,0.3688524590163934,0.0283383354403133,0.5709330761342528,5.357340015e-07,0.0783474300162935,-8.489696563990956,-1097.232440229427,0.8424033352864378,4.702546952430333,62,0.3961748633879781,0,1.6858930718552756,-0.0442948347455017,0.1320597552356286,0.7435746618826788,1.01168236539e-05,0.6102127206902106,0.0016666867712782,0.0069140828939612,2.138718370579753,0.0066866004282903,5.1069128773e-05,0,1
36,Fathan Ruhul Alam,"Warudoyong, Kota Sukabumi",0.2933008008846327,10.24481995357198,5,0.00080356383804,190.3823039813417,0.037859309464693,0.0280701692910772,0.0279939056684573,0.019468592479825,0.0036652291058296,1.34339043982e-05,1.0868815902387874,365,0.0150273224043715,0.0277641814202069,182.5,95.95289635334412,0.9993583051330968,0.0027322404371584,1.8715455797246188,0.0277444151230156,0,0.8024069041305468,0.0051921498538418,-0.2798007263098148,0.1721311475409836,0.8959520722600417,0.3770491803278688,63.574697303899285,-0.054459703584647,0.0029369699235848,0.0016830490264174,3.00104283306e-05,0.0026072319597005,0.0011772895231842,3.4837673108e-06,0.0,4.5267275956456485,1.1043070113830278,57,15,1.0206389047348732,0.018390716984868,58,0.2814207650273224,0.0283084494175848,0.1388426087060692,9.524663304e-06,0.0738155065867298,-6.914684562577901,-1218.143369774696,0.6671732030424644,5.26965436451317,59,0.3770491803278688,0,1.8069195137574592,-0.0454642946575254,0.1246805975715157,0.3979875593611059,1.63793974901e-05,0.614312894642353,0.0018032317712373,0.0083373409789117,2.132056272453738,0.0081143723432893,7.48510351577e-05,0,1
38,Rifqi Fairurrafi,"Kec. Bangkalan, Kab. Bangkalan",0.3023861809360599,10.425224349834007,3,0.0008284552902357,183.4530558985218,0.038156934082508,0.0285731151654216,0.0285330808721482,0.0198961831629276,0.0031255145072405,9.7688409349e-06,1.1428042512863357,365,0.0150273224043715,0.0284872911870479,182.5,141.01581364360374,0.9984744065485794,0.0054644808743169,1.9087160335207296,0.0281135210767387,0,0.8062235594423237,0.003620021499782,0.6512578935877347,0.180327868852459,0.8927194383937368,0.4016393442622951,21.141224365075846,-0.0232897301504698,0.0023782376222611,0.0017980117197722,2.57312741181e-05,0.0018234368812824,0.0010254558175802,-0.0001748146023601,0.0,9.895191336202616,1.175912352105407,56,14,1.0199533347767953,0.0182607509195803,55,0.3469945355191257,0.0287435514714417,0.109959031358114,9.839334766e-07,0.0810279399057238,-7.171149572932668,-1174.0212418119083,0.814239095496833,4.566585242305917,58,0.4016393442622951,0,1.6490892707499791,-0.0436031309009436,0.1315818454727353,0.7700862299547756,1.63390461272e-05,0.6562742777168752,0.0017383939343659,0.0083619647484612,2.1235507917430176,0.0081580134790849,7.59441140631e-05,0,1
39,Alghifari Amar Mukhasyafah,Wonoayu,0.3503510554566752,11.24022490842717,2,0.0009625028996062,186.50082476647432,0.0367982164025306,0.0308764679028618,0.031337,0.0244809202849864,0.0025513986760786,6.5096352042e-06,0.6958930721156523,364,0.0150684931506849,0.0304165128618478,182.5,0.0,0.6425955920752264,0.0027397260273972,1.9417572645511052,0.0312554331496357,0,0.7192315893082598,0.0018362212355136,0.2548067092311554,0.1890410958904109,0.8995767810307678,0.4136986301369863,26.421859457736254,-0.1163408981216752,0.0018465394053116,0.0018392648494476,-9.072109245e-06,0.000819718923664,0.0012377911390065,0.0,0.0,20.27199105542198,1.2207921536963529,73,13,1.0329571736879757,0.0123172961175442,67,0.4465753424657535,0.0309817027511522,-0.2187412422411921,6.2089600421e-06,0.0820048049796543,-8.95449779759859,-1138.8072006465718,0.8501587919870591,4.23214305532027,56,0.4136986301369863,0,1.5863583979122509,-0.0436464833139849,0.1378106359656531,0.7087612227555864,1.09486759584e-05,0.6694924051989328,0.0018394256662772,0.0073993747777731,2.1270823283254194,0.007147297494654,6.02865810852e-05,0,1
40,Moh Rafie Nazar J,"Kecamatan Bangkalan,Bangkalan",0.2995261891694458,10.41729897004494,2,0.0008183775660367,182.48998966607277,0.0351127202694232,0.028467189478293,0.0283084206464813,0.0225420724600553,0.0024014115889663,5.7667776196e-06,1.0179169274679365,366,0.0149863760217983,0.0283309201546657,183.0,154.85347458210754,1.0,0.0027247956403269,1.9135741471776304,0.026941799193334,0,0.7520975610394262,0.0032024530789036,0.0710473941270937,0.1880108991825613,0.91536899990461,0.3869209809264305,13.701610106314224,-0.1299100309532925,0.0019130690711499,0.0015565741154115,2.21679841451e-05,0.0016080533779734,0.0011692070876962,4.54642024694e-05,0.0,10.822502267386737,1.27632211053065,80,17,1.027815944631726,0.0125706478093679,79,0.3460490463215259,0.0285682980664347,0.4098291742485468,-5.727592669e-07,0.0704332295976603,-9.192985650010671,-1123.1378935585406,0.8181483994175761,5.460886122768555,60,0.3869209809264305,0,1.8685391409127137,-0.0464138982849891,0.1254487208970341,0.683928597234042,9.9311989108e-06,0.5697061262406267,0.0016629678568449,0.0069645452880862,2.1334108663377016,0.0067411436944442,5.23783860556e-05,0,1
41,Muhammad Zaidan Nabil Rafi,"Kamal, Bangkalan",4.318885797540439,148.01836608935997,27,0.0008407408599455,2590.42964681253,0.0376965887844336,0.0288143202286559,0.02856689876453,0.0201324615627406,0.0032112579739641,1.03121777753e-05,1.2390134792337504,5137,0.0010704554301284,0.0288277969664354,2568.5,115.79392883193886,0.6900238177608008,0.0001946282600233,1.7771917897752014,0.0280363188125024,0,0.8299575132460139,0.0040773078006017,-0.0945929921107082,0.038341767224601,1.2450774260961617,0.3579213701829505,271.7196992971184,0.7125114447284548,0.002544244049563,0.0001347289937134,2.3136796597e-06,0.0020611435310266,0.0,0.0,0.0068119891008174,-1.120785842519987,1.1098065261508845,0,0,1.0064763448839944,0.0175641272216929,0,0.0463215258855585,0.0289927099115428,0.2174733724287649,1.377418331e-07,0.0621140279815412,-5.281555790601237,-369719.6853579993,0.6076789530318523,6.896213553171284,832,0.3579213701829505,0,2.181751906685455,-0.0035064245439692,0.1136488455022835,0.7363308315398018,8.2864187955e-06,0.6921028407062438,0.0001218726533146,0.0038360382309902,2.002786831215514,0.0038340365840988,1.8866161082e-05,0,0
42,Riska Nana Nuril Fadilah,"Asemrowo, Surabaya",0.322559236318454,10.772051951382291,3,0.000883723935119,185.45939200006205,0.0377566590905189,0.029510765780486,0.0296029192395508,0.0209495052695274,0.0032286362287391,1.04240918975e-05,1.0223849268117189,365,0.0150273224043715,0.0294539281590417,182.5,131.6630694632045,0.9987166102661934,0.0027322404371584,1.8736364203355709,0.0301934398710727,0,0.8167044198828055,0.0042454982176423,-0.171456541705488,0.180327868852459,0.9000616518309527,0.3825136612021858,19.627776327188617,-0.0429560126475133,0.0025668875984242,0.0017899109790586,2.76440933142e-05,0.0021406652716299,0.0011812532320618,0.0001198239624499,0.0,10.550664356174137,1.4163057994844523,65,15,1.0233639230973226,0.0168071538209915,65,0.3087431693989071,0.0296868554893952,0.1612379926583307,3.900954957e-06,0.0769688600055939,-7.125361639675627,-1244.2255742252908,0.8172960884102547,4.835012631813114,60,0.3825136612021858,0,1.700438393462445,-0.044650573845795,0.12614901902406,0.6553603592942598,1.75577055782e-05,0.6533175073564058,0.0017469688699361,0.0083641847479347,2.116710544937143,0.0081580067069615,7.68646183549e-05,0,1
44,Dewi Geizya,"Kamal, Banyuajuh",464757990.7316719,379752.2275,5,1273309.5636484162,173.11631616214973,2132.11125,1039.2840915300546,928.475,321.46,435.5676214575003,189719.15286214428,0.9984849285551758,81378,0.0150273224043715,1043.77,182.5,0.0007312507312507,0.982897879230254,0.0054644808743169,1.8326802803984663,774.1228125,0,0.8016081924165326,569.5725000000001,0.063571131950006,0.174863387978142,0.7131876348281336,0.4453551912568306,66.10350053556026,4.980089719400352,350.0942630415957,222.9331164383561,-1.508657534246575,249.0550000000001,147.70999999999992,-6.119999999999891,0.0683060109289617,23.10611525654973,1.4185475117643298,101,11,1.0353014731321413,1810.65125,97,0.3524590163934426,1126.8675946044395,0.8983871435576901,-0.4456678600777969,0.1271115819345,-1.978482208882521,-65688864.588982224,0.7104867815652905,2.84748520156339,59,0.4453551912568306,0,1.025652727253915,-0.0317112768592054,0.1465303367303832,0.568854468275367,264153.17251401953,81370.5875,39.317105609692845,565.3374523101481,2.158465889021179,563.600124010277,335647.27938261343,0,2
