date,CO,NO2,SO2
2025-08-30,0.0281814804507626,2.28e-05,0.000392624
2025-08-31,0.0281814804507626,2.28e-05,0.000392624
2025-09-01,0.0281814804507626,4.17e-05,0.000251314
2025-09-02,0.0259900930234127,2.5e-05,0.0002636039999999
2025-09-03,0.0237987055960628,2.2825e-05,0.000275894
2025-09-04,0.0337272336085637,2.065e-05,0.000333775
2025-09-05,0.0338952930437193,1.8475e-05,0.000242686
2025-09-06,0.0307283910612265,1.63e-05,0.000151597
2025-09-07,0.0317021846616019,2.18e-05,0.0001603533333333
2025-09-08,0.0326759782619774,2.73e-05,0.0001691096666666
2025-09-09,0.0279167298641469,3.19e-05,0.000177866
2025-09-10,0.0244783912785351,3.84e-05,0.000140302
2025-09-11,0.0259199548512697,4.49e-05,-0.000200847
2025-09-12,0.0277067412518792,3.506666666666667e-05,0.000181193
2025-09-13,0.0342281415230698,2.523333333333333e-05,0.000163844
2025-09-14,0.0323081976837582,1.54e-05,0.000124022
2025-09-15,0.0268756911779443,1.98e-05,8.42e-05
2025-09-16,0.0276688423732088,2.3e-05,5.33e-05
2025-09-17,0.0284619935684733,2.62e-05,2.24e-05
2025-09-18,0.0288541190740134,1.97e-05,-5.97e-05
2025-09-19,0.0306356083601713,3.48e-05,-7.09e-05
2025-09-20,0.0308641418814659,3.2425e-05,-8.37e-05
2025-09-21,0.0312146304382218,3.005e-05,-9.65e-05
2025-09-22,0.0302660707384347,2.7675e-05,0.000400516
2025-09-23,0.0344071197840902,2.53e-05,0.000400237
2025-09-24,0.0378629718389776,3.51e-05,0.00028807775
2025-09-25,0.0321542314357227,3.285e-05,0.0001759185
2025-09-26,0.0295223421934578,3.06e-05,6.375925000000001e-05
2025-09-27,0.0348533156017462,2.835e-05,-4.84e-05
2025-09-28,0.0304524755726257,2.61e-05,0.000103459
2025-09-29,0.0323574660079819,2.595e-05,-1.92e-05
2025-09-30,0.0325566280267334,2.58e-05,-0.000228076
2025-10-01,0.0327557900454849,3.69e-05,-8.4733e-05
2025-10-02,0.032014936609711,4.79e-05,5.860999999999998e-05
2025-10-03,0.0336479878783897,2.28e-05,0.000201953
2025-10-04,0.0352810391470686,3.57e-05,0.0002486549999999
2025-10-05,0.0369140904157474,3.3e-05,0.000295357
2025-10-06,0.0385471416844262,3.85e-05,9.44e-05
2025-10-07,0.0355399747689565,3.6e-05,0.000401958
2025-10-08,0.0325328078534868,1.46e-05,9.47e-05
2025-10-09,0.0345916518616297,3.5e-05,0.000290169
2025-10-10,0.0366504958697727,2.11e-05,0.000375537
2025-10-11,0.0307160730340651,3.73e-05,3.18e-05
2025-10-12,0.0314076024467352,3.655e-05,0.000103501
2025-10-13,0.0320991318594053,3.58e-05,0.000127131
2025-10-14,0.0327906612720754,4.83e-05,4.96e-05
2025-10-15,0.0354242989172538,4.07e-05,0.000300756
2025-10-16,0.035038713676234,3.765e-05,0.000230391
2025-10-17,0.0346531284352143,3.46e-05,-4.546749999999978e-06
2025-10-18,0.0342675431941946,3.6e-05,-0.0002394845
2025-10-19,0.0340666104522016,3.74e-05,-0.000177294
2025-10-20,0.0357479920127877,3.46e-05,-0.000231298
2025-10-21,0.0374293735733738,3.35e-05,-5.15e-05
2025-10-22,0.0345977078433389,3.25e-05,0.000128268
2025-10-23,0.0317660421133041,3.165e-05,0.000308052
2025-10-24,0.0323822883889078,3.08e-05,0.000277889
2025-10-25,0.0329985346645116,3.015e-05,0.000247727
2025-10-26,0.0319614317847622,2.95e-05,0.000217565
2025-10-27,0.0309243289050128,2.88e-05,0.000187403
2025-10-28,0.0298872260252634,2.81e-05,0.000157241
2025-10-29,0.028850123145514,2.75e-05,0.000127078
2025-10-30,0.0278130202657646,2.68e-05,9.69e-05
2025-10-31,0.0296949335218717,2.76e-05,6.11e-05
2025-11-01,0.0315768467779788,2.62e-05,2.52e-05
2025-11-02,0.0334587600340859,2.48e-05,-0.000149324
2025-11-03,0.035340673290193,2.13e-05,-8.734933333333333e-05
2025-11-04,0.0324444756843149,1.78e-05,-2.537466666666666e-05
2025-11-05,0.0295482780784368,1.84e-05,3.66e-05
2025-11-06,0.0292679675455604,1.9e-05,3.3e-05
2025-11-07,0.028987657012684,1.96e-05,2.93e-05
2025-11-08,0.0313166975975036,2.2e-05,1.93e-05
2025-11-09,0.0311835648974886,2.435e-05,9.28e-06
2025-11-10,0.0310504321974736,2.67e-05,-7.2e-07
2025-11-11,0.0309172994974586,2.905e-05,-1.07e-05
2025-11-12,0.0307712028423944,3.14e-05,-2.07e-05
2025-11-13,0.0306251061873302,3.375e-05,-3.07e-05
2025-11-14,0.0304790095322661,3.61e-05,4.96e-08
2025-11-15,0.0303329128772019,3.85e-05,3.08e-05
2025-11-16,0.0301868162221378,4.08e-05,6.16e-05
2025-11-17,0.0300407195670736,4.32e-05,9.23e-05
2025-11-18,0.0298946229120094,4.55e-05,-9.38e-05
2025-11-19,0.0297485262569453,4.79e-05,0.000395239
2025-11-20,0.0296024296018811,5.03e-05,0.000233686
2025-11-21,0.029456332946817,5.26e-05,7.21e-05
2025-11-22,0.0302027233022575,5.5e-05,2.81e-05
2025-11-23,0.0289928170731635,2.92e-05,-1.5900000000000007e-05
2025-11-24,0.0277829108440696,3.08e-05,-5.99e-05
2025-11-25,0.0265730046149757,3.25e-05,-4.51e-05
2025-11-26,0.028007719044884,2.235e-05,-3.04e-05
2025-11-27,0.0296973116281959,1.22e-05,-1.56e-05
2025-11-28,0.0282024739103184,2.09e-05,-8.66e-07
2025-11-29,0.0230172104719612,2.29e-05,1.39e-05
2025-11-30,0.0261125046138961,2.32e-05,2.87e-05
2025-12-01,0.0292077987558311,2.34e-05,4.34e-05
2025-12-02,0.0283614808900488,2.06e-05,5.82e-05
2025-12-03,0.03104929625988,2.24e-05,7.29e-05
2025-12-04,0.0309451363670328,2.14e-05,7.47e-05
2025-12-05,0.0308409764741857,2.0366666666666663e-05,7.65e-05
2025-12-06,0.0307368165813386,1.9333333333333333e-05,-0.000154283
2025-12-07,0.0307283628473265,1.83e-05,0.000135263
2025-12-08,0.0307199091133144,1.93e-05,0.000168586
2025-12-09,0.0308071615381373,2.03e-05,0.0001503246666666
2025-12-10,0.0308944139629602,2.12e-05,0.0001320633333333
2025-12-11,0.0306790143484249,2.22e-05,0.000113802
2025-12-12,0.0304636147338897,2.39e-05,-7.63e-06
2025-12-13,0.0270519506496687,2.56e-05,-5.98e-05
2025-12-14,0.0236402865654478,2.81e-05,-0.000112007
2025-12-15,0.0258752065655286,3.05e-05,-0.000164197
2025-12-16,0.0281101265656096,3.3e-05,-0.000188158
2025-12-17,0.0271402938912312,3.22e-05,7.61e-05
2025-12-18,0.029168709048203,3.14e-05,-1.79e-05
2025-12-19,0.028859905419605,2.83e-05,-7.44e-05
2025-12-20,0.0285511017910071,2.52e-05,-0.000130908
2025-12-21,0.0282422981624091,2.21e-05,-0.000187394
2025-12-22,0.0279334945338112,2.07e-05,-8.05e-05
2025-12-23,0.0276246909052133,1.92e-05,2.65e-05
2025-12-24,0.0301117515191435,2.89e-05,8.2e-06
2025-12-25,0.0325988121330738,2.06e-05,0.000117661
2025-12-26,0.0304016640616787,3.05e-05,-2.63e-05
2025-12-27,0.0282045159902837,2.14e-05,0.000154996
2025-12-28,0.0260073679188887,3.42e-05,-5.49e-05
2025-12-29,0.0297078717913892,3.36e-05,-8.33e-05
2025-12-30,0.029407526521633,2.01e-05,-4.350000000000011e-06
2025-12-31,0.0291071812518768,2.32e-05,7.46e-05
2026-01-01,0.0288068359821206,2.62e-05,2.805e-05
2026-01-02,0.0285064907123645,2.92e-05,-1.85e-05
2026-01-03,0.0279621672299173,2.9e-05,-4.29e-05
2026-01-04,0.0274178437474701,2.88e-05,-6.72e-05
2026-01-05,0.0268735202650228,2.85e-05,-8.38e-05
2026-01-06,0.0263291967825756,2.83e-05,-8.26e-05
2026-01-07,0.0257848733001284,2.81e-05,-8.14e-05
2026-01-08,0.0252405498176813,2.79e-05,-6.455e-05
2026-01-09,0.0257949265651404,2.46e-05,-4.77e-05
2026-01-10,0.0263493033125996,2.14e-05,-1.5199999999999997e-05
2026-01-11,0.0320781804621219,1.82e-05,1.73e-05
2026-01-12,0.0266280328588826,1.5e-05,4.98e-05
2026-01-13,0.0281445611682203,1.18e-05,8.24e-05
2026-01-14,0.0260619118947673,1.29e-05,5.15e-05
2026-01-15,0.0239792626213144,1.39e-05,2.06e-05
2026-01-16,0.0218966133478615,1.5e-05,-1.03e-05
2026-01-17,0.0258031420941863,1.93e-05,2.01e-05
2026-01-18,0.0281922469536463,1.9900000000000003e-05,5.04e-05
2026-01-19,0.0277528464794158,2.05e-05,5.03e-05
2026-01-20,0.0238257222808897,1.75e-05,5.02e-05
2026-01-21,0.0247992671793326,1.44e-05,5.01e-05
2026-01-22,0.0257728120777755,1.13e-05,5e-05
2026-01-23,0.0267463569762184,8.210000000000001e-06,4.99e-05
2026-01-24,0.0277199018746614,5.12e-06,4.98e-05
2026-01-25,0.0218767039477825,5.83e-06,4.29e-05
2026-01-26,0.0243431190028786,6.55e-06,3.6e-05
2026-01-27,0.0268095340579748,7.265e-06,2.91e-05
2026-01-28,0.0292759491130709,7.98e-06,2.22e-05
2026-01-29,0.0317423641681671,8.69e-06,1.53e-05
2026-01-30,0.035262839247783,9.41e-06,8.44e-06
2026-01-31,0.0312198890993992,1.58e-05,1.78e-05
2026-02-01,0.0297006225058187,1.84e-05,1.11e-05
2026-02-02,0.0281813559122383,2.105e-05,4.38e-06
2026-02-03,0.0254959128797054,2.37e-05,-2.35e-06
2026-02-04,0.0282138819909758,2.85e-05,1.5e-05
2026-02-05,0.028784754987875,2.34e-05,5.72e-05
2026-02-06,0.0293556279847743,9.41e-06,0.000104367
2026-02-07,0.0299265009816735,9.93e-06,6.45e-05
2026-02-08,0.0304973739785728,1.04e-05,2.46e-05
2026-02-09,0.0308446034064723,1.095e-05,-1.53e-05
2026-02-10,0.0311918328343717,1.15e-05,-5.52e-05
2026-02-11,0.0315390622622712,1.26e-05,-3.0466666666666667e-05
2026-02-12,0.0318862916901707,1.36e-05,-5.733333333333335e-06
2026-02-13,0.0323061361494991,1.47e-05,1.9e-05
2026-02-14,0.0327259806088275,1.58e-05,4.37e-05
2026-02-15,0.0331458250681559,1.69e-05,6.84e-05
2026-02-16,0.0298360677229033,1.53e-05,2.615e-05
2026-02-17,0.0290633421391248,1.48e-05,-1.61e-05
2026-02-18,0.0282906165553463,1.43e-05,1.53e-05
2026-02-19,0.0275178909715678,1.39e-05,4.67e-05
2026-02-20,0.0267451653877894,1.34e-05,9.77e-05
2026-02-21,0.0262112397818811,1.41e-05,1.67e-05
2026-02-22,0.0256773141759728,1.485e-05,1.53e-05
2026-02-23,0.0251433885700645,1.56e-05,1.38e-05
2026-02-24,0.0246094629641563,1.63e-05,1.24e-05
2026-02-25,0.024075537358248,1.71e-05,1.1e-05
2026-02-26,0.0235416117523397,1.78e-05,9.63e-06
2026-02-27,0.0244021580650633,1.86e-05,8.22e-06
2026-02-28,0.0252627043777869,1.94e-05,-1.57e-05
2026-03-01,0.0275177226091424,2.03e-05,-3.97e-05
2026-03-02,0.0297727408404979,2.11e-05,5.92e-05
2026-03-03,0.0320277590718534,2.2e-05,0.0001532929999999
2026-03-04,0.0262526952558093,1.09e-05,0.000247386
2026-03-05,0.0266858575244744,1.06e-05,0.000133343
2026-03-06,0.0255600502714513,1.03e-05,1.93e-05
2026-03-07,0.0244342430184284,1.07e-05,-0.000144664
2026-03-08,0.0291348164901136,1.11e-05,-7.24e-05
2026-03-09,0.0338353899617989,1.15e-05,-2.11e-07
2026-03-10,0.02942005586293,1.19e-05,1.25e-05
2026-03-11,0.0272273884361816,1.23e-05,6.81895e-05
2026-03-12,0.0250347210094332,1.76e-05,0.000123879
2026-03-13,0.0297996244792427,1.48e-05,2.12e-05
2026-03-14,0.0306043506910403,2.63e-05,5.89e-05
2026-03-15,0.0312047395855188,2e-05,1.1100000000000006e-05
2026-03-16,0.0299139870330691,2.3e-05,-3.67e-05
2026-03-17,0.0286232344806194,2.11e-05,-5.08e-05
2026-03-18,0.0260999506960312,1.92e-05,-6.49e-05
2026-03-19,0.0257526091299951,4.98e-05,0.000108794
2026-03-20,0.0238374462351202,1.15e-05,5.2817e-05
2026-03-21,0.0249685396602938,2.02e-05,-3.16e-06
2026-03-22,0.0260996330854674,2.26e-05,4.99e-05
2026-03-23,0.0277621145877573,2.49e-05,0.000102911
2026-03-24,0.0278276497291193,2.5075e-05,7.83e-05
2026-03-25,0.0278931848704814,2.525e-05,7.715e-05
2026-03-26,0.0290387511874238,2.5425e-05,7.6e-05
2026-03-27,0.0282940145892401,2.56e-05,-0.000229466
2026-03-28,0.0275492779910564,3.11e-05,-4.39e-05
2026-03-29,0.0366826442380746,3.66e-05,0.000246132
2026-03-30,0.0310519369585173,2.97e-05,0.000323474
2026-03-31,0.0310436491780574,3.995e-05,0.000160096
2026-04-01,0.0309116766595887,5.02e-05,-3.28e-06
2026-04-02,0.0307797041411201,4.15e-05,0.000262044
2026-04-03,0.0305240468846427,3.28e-05,0.0002573746666666
2026-04-04,0.0329365641292598,3.93e-05,0.0002527053333333
2026-04-05,0.0300943720050983,2.52e-05,0.000248036
2026-04-06,0.0272521798809369,2.97e-05,-8.46e-05
2026-04-07,0.0281515086276663,3.12e-05,-6.298e-05
2026-04-08,0.0290508373743957,3.26e-05,-4.136e-05
2026-04-09,0.0320754047069284,2.74e-05,-1.974e-05
2026-04-10,0.0350999720394611,2.22e-05,1.88e-06
2026-04-11,0.0320786954524616,2.76e-05,0.000376239
2026-04-12,0.0290574188654621,3.3e-05,0.0001649695
2026-04-13,0.026667375738422,3.15e-05,-4.63e-05
2026-04-14,0.0272547616450874,3.45e-05,0.000348009
2026-04-15,0.0278421475517528,2.765e-05,0.000350349
2026-04-16,0.0284295334584183,2.08e-05,0.000408765
2026-04-17,0.0297253616154193,2e-05,1.23e-05
2026-04-18,0.0252673079570134,1.92e-05,3.3600000000000004e-05
2026-04-19,0.0314445249322387,2.61e-05,5.49e-05
2026-04-20,0.0329563712908162,3.21e-05,0.000209262
2026-04-21,0.0262039827981165,3.81e-05,0.000209554
2026-04-22,0.0266046698190389,3.88e-05,-0.000190045
2026-04-23,0.0270053568399614,3.95e-05,-6.22225e-05
2026-04-24,0.0323414707349406,2.46e-05,6.56e-05
2026-04-25,0.0296208218981822,2.92e-05,2.88e-05
2026-04-26,0.0307387976596752,3.38e-05,0.000167977
2026-04-27,0.0268697288508216,2.83e-05,0.000179937
2026-04-28,0.0263056641755004,3.62e-05,-5.389200000000002e-05
2026-04-29,0.0263460569031949,2.77e-05,-5.094600000000001e-05
2026-04-30,0.0263864496308895,2.57e-05,-4.8e-05
2026-05-01,0.0270312997615999,2.37e-05,0.000191695
2026-05-02,0.0261051195363203,2.53e-05,0.000253313
2026-05-03,0.0284979902207851,2.91e-05,0.000314931
2026-05-04,0.0298240410370958,3.29e-05,0.000264992
2026-05-05,0.0311500918534066,2.46e-05,0.000340403
2026-05-06,0.0337157079743014,3.35e-05,0.000415815
2026-05-07,0.0291181544048918,3.04e-05,7.8e-05
2026-05-08,0.0242490865704086,2.69e-05,0.000316375
2026-05-09,0.0276048182406359,3.9e-05,0.000317174
2026-05-10,0.0309605499108632,3.46e-05,0.000317973
2026-05-11,0.0298154576578073,3.02e-05,0.000227569
2026-05-12,0.0286703654047515,2.56e-05,0.000329334
2026-05-13,0.027621392160654,2.53e-05,0.0003191033333333
2026-05-14,0.0262506494505537,2.49e-05,0.0003088726666666
2026-05-15,0.0248799067404535,2.45e-05,0.0001642863333333
2026-05-16,0.0278911863764127,3.12e-05,1.97e-05
2026-05-17,0.0256458549863762,2.36e-05,-1.94e-05
2026-05-18,0.0273436262375778,2.27e-05,6.26e-05
2026-05-19,0.0292297520985205,2.48e-05,3.58e-05
2026-05-20,0.0292288321587774,2.69e-05,4.9e-05
2026-05-21,0.0294130036089982,2.91e-05,6.22e-05
2026-05-22,0.0295971750592191,2.63e-05,4.823333333333333e-05
2026-05-23,0.030340131993095,2.35e-05,3.426666666666667e-05
2026-05-24,0.025176599000891,2.505e-05,2.03e-05
2026-05-25,0.0285358282013071,2.66e-05,0.000251281
2026-05-26,0.0279550864878628,2.815e-05,0.000215102
2026-05-27,0.031498800135321,2.97e-05,0.000178923
2026-05-28,0.0298466660703221,2.96e-05,-6.53e-05
2026-05-29,0.0281945320053233,2.4e-05,0.000140707
2026-05-30,0.0276175575951735,1.5e-05,0.000297401
2026-05-31,0.0270405831850237,2.61e-05,1.71e-05
2026-06-01,0.0307726220538218,2.68e-05,-3.27e-05
2026-06-02,0.0311540032012595,2.48e-05,-3.06e-05
2026-06-03,0.0325799047326048,3.04e-05,-8.3e-05
2026-06-04,0.0340058062639501,3.57e-05,7.99e-06
2026-06-05,0.0286968772610028,4.1e-05,1.34e-06
2026-06-06,0.0293082774927218,4.72e-05,-2.7e-05
2026-06-07,0.0358420982956886,4.26e-05,0.000133558
2026-06-08,0.0310202009148067,3.67e-05,0.000198583
2026-06-09,0.0261983035339249,3.8e-05,-0.000218276
2026-06-10,0.032052240644892,4.14e-05,0.000147183
2026-06-11,0.0326070098413361,3.41e-05,9.89e-05
2026-06-12,0.032298904740148,3.73e-05,0.000145729
2026-06-13,0.03199079963896,4.04e-05,0.000192597
2026-06-14,0.0273279645480215,3.7833333333333336e-05,0.000161362
2026-06-15,0.0291415508060405,3.5266666666666666e-05,3.13e-05
2026-06-16,0.0309551370640595,3.27e-05,0.000366072
2026-06-17,0.0313581683569484,4.13e-05,0.000242095
2026-06-18,0.0307760313153266,3.45e-05,0.000118118
2026-06-19,0.0356287263333797,3.91e-05,0.0002678765
2026-06-20,0.0343302484187814,2.54e-05,0.000417635
2026-06-21,0.0306767473618189,3.72e-05,0.00014821
2026-06-22,0.032218773331907,3.42e-05,-7.02e-05
2026-06-23,0.033436062435309,3.21e-05,0.000103335
2026-06-24,0.0320419532557328,3e-05,6.5e-05
2026-06-25,0.0259180816097392,2.79e-05,5.13e-05
2026-06-26,0.0283654207984606,2.95e-05,2.08e-05
2026-06-27,0.0293028698199324,3.11e-05,-9.7e-06
2026-06-28,0.0302403188414043,3.22e-05,0.000181901
2026-06-29,0.0311777678628762,4.55e-05,0.0002802
2026-06-30,0.031345341561569,4.77e-05,0.00020014
2026-07-01,0.0315129152602619,3.58e-05,0.000165221
2026-07-02,0.0316804889589547,3.97e-05,0.000176355
2026-07-03,0.0318480626576476,4.45e-05,0.000187489
2026-07-04,0.0326344279779328,4.93e-05,0.000243966
2026-07-05,0.0352052530894676,4.31e-05,0.000173486
2026-07-06,0.0332116857171058,3.69e-05,0.000187729
2026-07-07,0.0263376674718327,3.07e-05,0.000201971
2026-07-08,0.0305487265189488,3.96e-05,2.43e-05
2026-07-09,0.0381044356359375,4.04e-05,0.000296928
2026-07-10,0.0329785001065049,4.12e-05,0.000220657
2026-07-11,0.0287675559520721,3.9e-05,-4.9e-05
2026-07-12,0.0338024805403417,4.53e-05,3.588e-05
2026-07-13,0.0388374051286114,4.19e-05,0.00012076
2026-07-14,0.0332876862958073,4.94e-05,0.000191721
2026-07-15,0.0277379674630032,4.32e-05,8.54e-05
2026-07-16,0.0325162229128181,4.31e-05,-2.42e-05
2026-07-17,0.0337350072804837,4.53e-05,-9.65015e-05
2026-07-18,0.0349537916481494,4.43e-05,-0.000168803
2026-07-19,0.031654512302743,3.85e-05,-9.91e-05
2026-07-20,0.0311350802787475,3.66e-05,9.16e-06
2026-07-21,0.0306156482547521,3.47e-05,-9.34e-05
2026-07-22,0.0300962162307566,3.28e-05,4.4e-05
2026-07-23,0.0295767842067612,3.25e-05,0.000146066
2026-07-24,0.0269142768035332,4.38e-05,-4.41e-05
2026-07-25,0.0312339867361717,5.51e-05,0.000256668
2026-07-26,0.0355536966688103,3.92e-05,0.000255728
2026-07-27,0.0293170321732759,5.25e-05,-0.000191033
2026-07-28,0.031413790769875,4.28e-05,-0.000119822
2026-07-29,0.034164671268728,3.31e-05,-4.8611e-05
2026-07-30,0.0367365318040052,3.24e-05,2.26e-05
2026-07-31,0.0367583669463378,3.1e-05,8.64e-05
2026-08-01,0.0367802020886705,4.23e-05,-0.000130875
2026-08-02,0.0342520118380585,1.79e-05,-0.000283754
2026-08-03,0.031840795237157,2.55e-05,-0.000142362
2026-08-04,0.0351295371850331,3.43e-05,2.86e-05
2026-08-05,0.034297143212623,4.31e-05,0.000304752
2026-08-06,0.0334647492402129,4e-05,0.00010704
2026-08-07,0.0351974227362208,3.68e-05,6.26e-05
2026-08-08,0.0326352467139562,3.65e-05,4.292e-05
2026-08-09,0.0360013937784565,3.11e-05,2.324e-05
2026-08-10,0.0360883735120296,4.18e-05,3.56e-06
2026-08-11,0.0318767883711391,2.09e-05,0.000106189
2026-08-12,0.030923368409276,4.44e-05,6.06445e-05
2026-08-13,0.0355734638869762,4.99e-05,1.51e-05
2026-08-14,0.0340577028691768,2.38e-05,-0.000174594
2026-08-15,0.0369460172951221,3.29e-05,-5.03e-05
2026-08-16,0.038848145554463,4.2e-05,0.000157028
2026-08-17,0.0381459759341345,4e-05,5.4e-05
2026-08-18,0.0339354007608359,3.79e-05,0.000364999
2026-08-19,0.0297248255875375,3.59e-05,2.76e-05
2026-08-20,0.03200031320254,3.44e-05,0.000311244
2026-08-21,0.0315300644271903,2.88e-05,0.000248283
2026-08-22,0.0373601222203837,3.35e-05,8.29e-06
2026-08-23,0.0349674587034516,3.7e-05,0.000157187
2026-08-24,0.0325747951865196,4.57e-05,0.0002323835
2026-08-25,0.0355718504223558,3.42e-05,0.00030758
2026-08-26,0.0377057707971996,4.13e-05,-0.000111723
2026-08-27,0.0371745924154917,3.53e-05,-8.47e-06
2026-08-28,0.0366434140337838,3.75e-05,-4.39e-05
2026-08-29,0.0357629898935556,3.92e-05,1.34e-05
2026-08-30,0.0357629898935556,2.72e-05,-0.000100638
