B02,B03,B04,B08,B11,NDVI,NDWI,Longitude,Latitude,Kelas,Target
517,663,470,2654,1631,0.6991037129644354,-0.6002411816098158,112.03415455951149,-7.576800047635432,Sawah,1
514,685,507,2969,1806,0.708285385296811,-0.6250684180008023,112.0372406831432,-7.576929216512461,Sawah,1
520,669,452,3169,1601,0.7503452082987172,-0.651380927396722,112.03599515965853,-7.577839385220796,Sawah,1
546,747,458,2864,1698,0.724262492256393,-0.5862641925820371,112.03952968913794,-7.574546248636789,Sawah,1
705,949,813,2847,1861,0.5557377047661919,-0.4999999998682824,112.03691895064449,-7.57462903753521,Sawah,1
565,704,465,3318,1865,0.7541633622114292,-0.6499254100820673,112.03804643617094,-7.573666645646649,Sawah,1
549,699,477,3245,1841,0.7436861900205035,-0.6455375251912937,112.03782614353199,-7.574501349682744,Sawah,1
516,699,541,2971,1897,0.6919134394385212,-0.6190735693136039,112.03834972664137,-7.574345535310412,Sawah,1
533,673,443,3311,1915,0.7639850823750706,-0.6621485942113081,112.03858285629111,-7.573989647511316,Sawah,1
513,711,452,3325,1765,0.7606566055703848,-0.6476709611873958,112.03790096369957,-7.574108747927875,Sawah,1
522,718,466,3115,1800,0.7397375032840722,-0.6253587266826615,112.03867496715775,-7.573685528262269,Sawah,1
506,673,491,3286,1923,0.7400052950119128,-0.6600151551755455,112.03821705218915,-7.573869950601089,Sawah,1
536,664,448,3062,1648,0.7447293445171711,-0.643585614427379,112.03926302862024,-7.573798608254596,Sawah,1
478,676,482,2932,1952,0.7176332745408222,-0.6252771616892248,112.03748941029902,-7.5736942192091705,Sawah,1
512,671,446,3293,1672,0.7614335381755996,-0.6614530775324287,112.0381226042165,-7.575975546675727,Sawah,1
507,651,447,2439,1782,0.6902286899895258,-0.5786407765117667,112.03912708538536,-7.575366035988754,Sawah,1
501,692,516,3103,1766,0.7148383529387018,-0.6353096177509066,112.03805225238459,-7.576694868473352,Sawah,1
540,673,590,3191,1825,0.687913250280901,-0.6516563145311449,112.03884009416804,-7.5771955221626985,Sawah,1
523,700,488,3081,1815,0.7265340429457736,-0.629727585128345,112.03468357228432,-7.577049656359796,Sawah,1
479,607,536,2917,1488,0.689545322707922,-0.6555051076459975,112.03435727847908,-7.5764474893428675,Sawah,1
510,671,475,3176,1764,0.7397973156012607,-0.651156745346723,112.0349277266576,-7.576485216914431,Sawah,1
498,691,482,3030,1816,0.7255125282672231,-0.6285944636848712,112.03500310692198,-7.57694876359765,Sawah,1
508,703,478,3303,1871,0.747156836618049,-0.6490264601475221,112.0349811853486,-7.5773000988911265,Sawah,1
570,703,499,3206,1909,0.7306342778054968,-0.6403172165156518,112.0368607204498,-7.57868404598321,Sawah,1
487,651,495,2971,1617,0.7143681475146082,-0.6405300936939453,112.03730873150056,-7.578515336163725,Sawah,1
501,691,493,3223,1826,0.7346609255288856,-0.6469085333043156,112.0376704180798,-7.577618697899235,Sawah,1
587,826,737,2615,2005,0.5602625296657928,-0.5199070036268797,112.03953921631648,-7.578706853661199,Sawah,1
523,648,452,3074,1500,0.7436188313262567,-0.6518001072939817,112.03982404875377,-7.579335329317944,Sawah,1
517,691,430,2949,1796,0.7454868302025787,-0.6203296701592501,112.04072535582061,-7.580003767055278,Sawah,1
536,692,463,3027,1717,0.73467048689551,-0.6278569506243998,112.03413114091904,-7.577442746301253,Sawah,1
509,663,483,3208,1730,0.7382823081175068,-0.6574528543897048,112.0344488928219,-7.578203880083418,Sawah,1
562,720,526,2534,1794,0.6562091501123499,-0.557467731850809,112.03663451737971,-7.579500179723205,Sawah,1
500,654,481,3076,1671,0.7295473711752749,-0.6493297585390537,112.03633487188547,-7.579121473232357,Sawah,1
525,655,426,2715,1790,0.7287488058806912,-0.6112759642103038,112.03674708649636,-7.578926048753168,Sawah,1
525,732,462,3020,1927,0.7346352668768997,-0.609808102182887,112.04015281064683,-7.58162467165073,Sawah,1
480,635,530,2766,1728,0.6783980580466026,-0.6265804173400235,112.03491888923018,-7.580118087408028,Sawah,1
665,808,629,2571,2036,0.6068749998103515,-0.5217519974780255,112.03494865287477,-7.579669827377809,Sawah,1
550,698,533,2522,1806,0.6510638295741199,-0.5664596271532735,112.03573324512385,-7.579886704372009,Sawah,1
544,759,732,2627,1802,0.5641559986412159,-0.5516834020816056,112.03690770646439,-7.581462967906118,Sawah,1
532,676,480,2864,1793,0.7129186600738879,-0.6180790958705992,112.0368402604629,-7.582134762637602,Sawah,1
555,721,567,3240,1856,0.7021276593900374,-0.6359505173855212,112.03576714449984,-7.576372154301755,Sawah,1
548,681,439,3101,1937,0.7519774009175205,-0.6398730828556655,112.03802859917938,-7.5803322552074635,Sawah,1
541,706,504,2952,1819,0.7083333331283758,-0.6139967193510124,112.0383232122243,-7.579944331161141,Sawah,1
521,688,471,2825,1819,0.714199028909527,-0.6083119838860485,112.03836208744444,-7.579513640909474,Sawah,1
523,704,544,2966,1689,0.6900284898319008,-0.6163487736740194,112.0348009766028,-7.577887731176448,Sawah,1
583,828,643,2961,1922,0.6431742506539472,-0.5629453680224478,112.042004273041,-7.5802215660316525,Sawah,1
553,737,520,3386,1974,0.733742959361561,-0.6424933299436106,112.0421962827346,-7.57909191604218,Sawah,1
542,729,584,2717,1905,0.6461678277351809,-0.576900754330557,112.04241014074533,-7.578882844580555,Sawah,1
567,701,500,2988,1832,0.7133027520890761,-0.6199512061209133,112.04316144193298,-7.578356289394875,Sawah,1
541,679,445,3037,1918,0.7443997700331993,-0.6345532829293452,112.04152603045529,-7.579552900048458,Sawah,1
567,706,471,3308,1928,0.7507277055436021,-0.6482311906705951,112.0429230493589,-7.578973236528901,Sawah,1
690,859,1160,2213,2204,0.312184998425086,-0.44075520818985836,112.04558613153853,-7.578259112751653,Non-Sawah,0
1043,1177,1327,1948,2330,0.1896183205527883,-0.24671999992104962,112.04619777224949,-7.578478823943285,Non-Sawah,0
1769,1888,2034,2472,3177,0.09720372834061168,-0.13394495409771903,112.04312476373595,-7.577531937114424,Non-Sawah,0
748,889,1047,1987,2432,0.30982201703697365,-0.3817802502149582,112.04349496601988,-7.577174423917951,Non-Sawah,0
1377,1606,1868,2578,3000,0.1596941070266095,-0.23231357547028833,112.04599513064818,-7.575381668757224,Non-Sawah,0
732,870,1031,1700,2422,0.24496521411755212,-0.32295719831791553,112.04554026606417,-7.575364558517806,Non-Sawah,0
1492,1824,2012,2947,2650,0.18854607780025284,-0.2353804233419869,112.04661763557223,-7.576622454581007,Non-Sawah,0
753,850,979,1450,2377,0.19390695751588846,-0.26086956510396975,112.04520526272074,-7.576298616809587,Non-Sawah,0
1207,1360,1523,1901,2500,0.11039719622944008,-0.16590003061456607,112.04626899557674,-7.577241184238853,Non-Sawah,0
716,920,891,2344,2122,0.4491499225814065,-0.43627450967025905,112.0457873410259,-7.574077315585545,Non-Sawah,0
1567,1656,1693,2345,2552,0.1614660722730396,-0.1722069482198933,112.0450592768828,-7.5750699046135095,Non-Sawah,0
719,842,1072,1735,2436,0.23619522613601882,-0.3465269692097296,112.04521455336098,-7.57387480979357,Non-Sawah,0
886,978,1086,1672,3147,0.2124728063043971,-0.26188679235400497,112.04430744603762,-7.573591485108734,Non-Sawah,0
583,749,735,2426,2147,0.534957291826967,-0.528188976211594,112.04468273296756,-7.572820741432134,Non-Sawah,0
421,577,431,2600,1767,0.7156054105194307,-0.6367642427961082,112.04620400795362,-7.573001031775478,Non-Sawah,0
551,677,634,2147,2273,0.5440489030765736,-0.5205382434417358,112.04467525206265,-7.576959612398721,Non-Sawah,0
642,757,768,1974,2246,0.43982494513500187,-0.4456243132751284,112.04511991647547,-7.577266375707479,Non-Sawah,0
681,789,846,1949,2249,0.3946332735618486,-0.42366690999866075,112.04612697367139,-7.57784332937865,Non-Sawah,0
648,770,922,1798,2455,0.3220588234110078,-0.40031152632386624,112.04419133593113,-7.57914495910025,Non-Sawah,0
921,1127,1282,2065,2227,0.23394084247566752,-0.29385964903074574,112.04463806008714,-7.578795911024847,Non-Sawah,0
657,777,830,1940,2093,0.40072202151598485,-0.4280456384144109,112.0443396209261,-7.57853853645369,Non-Sawah,0
950,1089,1188,1997,2365,0.2540031396376756,-0.29423201545877126,112.04450425173277,-7.57817882955526,Non-Sawah,0
892,974,1215,1875,2717,0.21359223294058505,-0.31625131614031193,112.04576512193358,-7.578986718693817,Non-Sawah,0
611,717,790,1700,2465,0.3654618472427864,-0.4067025236215546,112.04602550351076,-7.578973000786539,Non-Sawah,0
669,829,908,2211,2264,0.41776210310427636,-0.4546052630083535,112.0457346527405,-7.579348748926797,Non-Sawah,0
573,704,748,2155,2111,0.48467102980204235,-0.5075201117497307,112.04446096680255,-7.5795561704341585,Non-Sawah,0
1060,1085,1215,2019,2259,0.24860853424594667,-0.30090206175873,112.04407328224096,-7.579637983982761,Non-Sawah,0
715,852,992,1658,2402,0.25132075462214315,-0.32111553772067114,112.04387843396917,-7.580182426223813,Non-Sawah,0
637,742,733,2001,1952,0.4637893195084897,-0.4589865109518824,112.04431639404417,-7.580665698497101,Non-Sawah,0
1001,1083,1138,2067,2357,0.2898595942933356,-0.31238095228178386,112.04485895182872,-7.580157673942717,Non-Sawah,0
696,824,909,1694,2226,0.30157510553147326,-0.34551231122100384,112.04540203185714,-7.580247580307462,Non-Sawah,0
880,1085,1046,2375,2278,0.38848289962336074,-0.3728323698344415,112.04518068694928,-7.580679867690855,Non-Sawah,0
598,734,670,2263,2171,0.543129900939949,-0.5101768433399477,112.0456838629976,-7.580707640104046,Non-Sawah,0
972,1108,1249,1901,2523,0.20698412691841775,-0.2635427051300955,112.04682482215918,-7.580736186206214,Non-Sawah,0
684,864,975,2371,2446,0.4172145844539108,-0.4658423491604815,112.04697369247242,-7.580415127577388,Non-Sawah,0
554,751,578,2710,2161,0.6484184912869774,-0.5660213809401845,112.04813836642303,-7.580963732685343,Non-Sawah,0
923,1089,1117,1888,2332,0.25657237928233867,-0.2683909975584847,112.0464692045451,-7.578800550012999,Non-Sawah,0
810,989,1057,1969,1879,0.3013879708191051,-0.3313049356554074,112.04659119705308,-7.579204632444452,Non-Sawah,0
860,1057,1368,2346,2636,0.26332794823281425,-0.3787834262771721,112.04728125019918,-7.579038607400121,Non-Sawah,0
541,649,590,2329,2129,0.5957519696485948,-0.5641370045117069,112.04491997568059,-7.578269122987948,Non-Sawah,0
883,1043,1118,2411,2425,0.3663927457165223,-0.39606253607525693,112.04369825487693,-7.5775675380818015,Non-Sawah,0
2708,2935,2927,3118,3130,0.031596360623391835,-0.030232942337645306,112.04561755348222,-7.571890087245946,Non-Sawah,0
1194,1377,1484,1871,2400,0.11535022351256327,-0.15209359601228645,112.04526205568843,-7.5718618298786025,Non-Sawah,0
693,840,888,1906,2429,0.36435218311941586,-0.3882010195235976,112.04539473456731,-7.570716109816274,Non-Sawah,0
919,1033,1213,1962,2422,0.2359055117367227,-0.3101836392954312,112.04606874799478,-7.570936514286106,Non-Sawah,0
556,687,640,2233,1972,0.554472676451628,-0.5294520546132013,112.04239726275594,-7.57280810822963,Non-Sawah,0
637,742,954,1675,2486,0.274248763684196,-0.3860157218096749,112.0446519248738,-7.571073912910269,Non-Sawah,0
764,912,925,2113,2259,0.39104674114843757,-0.39702479325718193,112.04191534241797,-7.5730829898024465,Non-Sawah,0
613,743,795,1897,2100,0.409361069684487,-0.4371212119556359,112.04252345943634,-7.5732889660647125,Non-Sawah,0
738,893,923,1844,2234,0.33285146355878154,-0.3474607232928532,112.04358932090791,-7.574158265656872,Non-Sawah,0
668,809,852,1851,2177,0.36958934503529806,-0.391729323161004,112.04360777692776,-7.574627496153084,Non-Sawah,0
