poligon_id,label,label_teks,n_piksel,lon_centroid,lat_centroid,B02,B03,B04,B08,B11,NDVI,NDWI,MNDWI,NDBI
Bangunan_0000,2,Bangunan,2,112.04559264539725,-7.578231783883275,812.0,983.5,1264.0,2185.5,2526.0,0.2693537444077156,-0.37951765160318535,-0.4398194256311052,0.07263152439641091
Bangunan_0001,2,Bangunan,11,112.04618650322149,-7.578472908009568,1111.0,1253.6363636363637,1399.4545454545455,2086.5454545454545,2599.6363636363635,0.1991813520025637,-0.253674756971236,-0.35284203969690797,0.11021938388721289
Bangunan_0002,2,Bangunan,20,112.0431527508714,-7.5775276612487685,1719.8,1972.2,2177.55,3218.15,3175.05,0.1930114215728563,-0.24191660458486205,-0.23772330351851462,-0.004118945997221022
Bangunan_0003,2,Bangunan,6,112.04349030473777,-7.577181662502962,999.0,1164.8333333333333,1310.1666666666667,2623.3333333333335,2942.6666666666665,0.3345063281847258,-0.38585995595422995,-0.436449602487658,0.06016053759657098
Bangunan_0004,2,Bangunan,13,112.04600407138581,-7.575367936394046,1460.076923076923,1722.2307692307693,1873.2307692307693,2904.6923076923076,2784.153846153846,0.21876667588134174,-0.2565237112353679,-0.23751524667641558,-0.021712392658176816
Bangunan_0005,2,Bangunan,20,112.04551779588344,-7.575383018296262,956.8,1141.6,1276.65,2494.7,2613.6,0.3238267609589564,-0.3696671169684164,-0.39301376477076516,0.0266222227165444
Bangunan_0006,2,Bangunan,10,112.04663112707355,-7.576628453144133,1471.6,1739.9,1920.1,2967.7,2697.7,0.22147596726979538,-0.2664593180037701,-0.22198454039228865,-0.04764398101254036
Bangunan_0007,2,Bangunan,24,112.04521032254864,-7.576299488902023,932.4166666666666,1078.25,1239.1666666666667,1957.5,2473.4166666666665,0.22339395477642798,-0.2885163509154502,-0.39420265977505614,0.1184627817704973
Bangunan_0008,2,Bangunan,56,112.04627812824303,-7.577235267386791,1027.375,1181.625,1315.3035714285713,2101.910714285714,2598.0,0.23099753979742693,-0.28093883866068053,-0.3769187042281869,0.10672882036346085
Bangunan_0009,2,Bangunan,84,112.04577794173363,-7.574081741243659,1071.5,1221.3690476190477,1345.9761904761904,2055.845238095238,2657.1428571428573,0.2089771686287388,-0.2562867820519906,-0.3746787524006462,0.13115423384638486
Bangunan_0010,2,Bangunan,16,112.04504691513769,-7.575095862303364,1066.625,1244.875,1393.1875,2359.25,2635.6875,0.2667112991622168,-0.31905128778785463,-0.36999060783274557,0.0569851835417632
Bangunan_0011,2,Bangunan,34,112.0452036299112,-7.57389146743686,1196.1764705882354,1362.264705882353,1541.6764705882354,2273.6470588235293,2866.0,0.19540403242929164,-0.25459838681788133,-0.36611252948809103,0.12373331218279163
Bangunan_0012,2,Bangunan,86,112.04430092020152,-7.573589702634823,991.7790697674419,1161.1976744186047,1306.0348837209303,2152.5116279069766,2597.546511627907,0.24934051428424317,-0.30234817021476323,-0.38828348104971055,0.09625781328766422
Bangunan_0013,2,Bangunan,151,112.04467262961188,-7.572826894252847,1042.6490066225165,1208.7350993377484,1329.9602649006622,2203.46357615894,2710.5960264900664,0.2533838762510994,-0.29749576279014567,-0.39367098314003623,0.10671205483450924
Bangunan_0014,2,Bangunan,200,112.04620997714666,-7.573004521427346,1074.205,1234.595,1338.155,2253.5,2692.835,0.25783913548586657,-0.29385405214698646,-0.3757332527816047,0.09036712534589107
Bangunan_0015,2,Bangunan,36,112.04467813358855,-7.57695270732204,985.6111111111111,1125.138888888889,1272.1666666666667,2137.0833333333335,2616.8333333333335,0.25572857535778154,-0.3117341012091431,-0.40360710962714197,0.10459561955358329
Bangunan_0016,2,Bangunan,44,112.04511858214482,-7.57726682950565,1017.3636363636364,1171.7954545454545,1288.8636363636363,2014.159090909091,2571.1136363636365,0.2187468454146689,-0.26482027675221803,-0.37690683688619175,0.12455141741355549
Bangunan_0017,2,Bangunan,49,112.04615032105053,-7.577834526459029,961.5918367346939,1113.6938775510205,1244.142857142857,2091.1428571428573,2548.530612244898,0.255810795904371,-0.30801518664171823,-0.39547026280604575,0.09999560408886161
Bangunan_0018,2,Bangunan,15,112.04419899292525,-7.579142570955453,1014.0,1167.7333333333333,1313.1333333333334,2131.4666666666667,2647.6666666666665,0.238387853792468,-0.2913285551107377,-0.3889825300792334,0.10989692055287081
Bangunan_0019,2,Bangunan,7,112.04464876609582,-7.578796086734349,971.4285714285714,1137.857142857143,1258.7142857142858,2101.285714285714,2504.4285714285716,0.2518918423237661,-0.29974079848809393,-0.3777959703992154,0.0880791916202098
Bangunan_0020,2,Bangunan,7,112.04429850482222,-7.578525598923455,832.1428571428571,970.0,1046.2857142857142,2219.8571428571427,2262.0,0.3628828810738418,-0.3949452545885433,-0.40525589644761784,0.009120943682954772
Bangunan_0021,2,Bangunan,9,112.044494774852,-7.5781791487183945,1084.111111111111,1230.3333333333333,1362.2222222222222,2351.3333333333335,2484.6666666666665,0.272396775118247,-0.3158912801106644,-0.34283400793592295,0.028674055086025923
Bangunan_0022,2,Bangunan,14,112.04576922574991,-7.5789678216785825,1356.857142857143,1540.7142857142858,1649.857142857143,2513.0,2827.9285714285716,0.21305542917279727,-0.24659458015228616,-0.3026564310070436,0.06224885866026303
Bangunan_0023,2,Bangunan,11,112.0460228759473,-7.578958402897654,1053.3636363636363,1184.0,1302.3636363636363,2041.4545454545455,2581.181818181818,0.22414424521344625,-0.2695758499675948,-0.37478396970601385,0.11760632052048386
Bangunan_0024,2,Bangunan,9,112.04574641353463,-7.579351899026869,951.1111111111111,1107.4444444444443,1224.3333333333333,2394.777777777778,2553.4444444444443,0.32998044416191524,-0.3733922114860303,-0.40132066168411273,0.03369572792391236
Bangunan_0025,2,Bangunan,24,112.04445151713996,-7.579557247981558,878.0,1038.0833333333333,1180.5833333333333,2096.125,2505.25,0.28014276964658064,-0.3368304975790369,-0.41629644715776654,0.08994737120039675
Bangunan_0026,2,Bangunan,8,112.04406651858407,-7.579648614365886,1196.0,1373.875,1502.75,2485.25,2737.25,0.2546783577159914,-0.2954872433777743,-0.33892616595300296,0.048409612728776724
Bangunan_0027,2,Bangunan,19,112.04388471970518,-7.580175641359559,1085.8947368421052,1221.3157894736842,1394.0,2133.315789473684,2577.0526315789475,0.21384804181797445,-0.2764831317674894,-0.36302729471763384,0.09707166749176718
Bangunan_0028,2,Bangunan,74,112.04432466248014,-7.580667003483301,863.027027027027,1015.2702702702703,1117.162162162162,2136.445945945946,2437.2972972972975,0.3125881377417495,-0.35313872385036604,-0.41510361217976754,0.06979175784444208
Bangunan_0029,2,Bangunan,9,112.0448520076423,-7.580147932890409,1062.4444444444443,1216.0,1331.111111111111,2371.6666666666665,2634.777777777778,0.2744338344367325,-0.31565176883447177,-0.3688627039524921,0.057570689211573746
Bangunan_0030,2,Bangunan,4,112.04539356183338,-7.5802446120993645,859.75,981.5,1108.75,2246.25,2431.5,0.33373794293765124,-0.3865129720211968,-0.4253679458300938,0.04437681027895085
Bangunan_0031,2,Bangunan,13,112.04518724901374,-7.5807060175236565,961.4615384615385,1112.8461538461538,1195.3076923076924,2333.846153846154,2410.076923076923,0.3212672413902227,-0.35254240295418227,-0.3690681894955424,0.01700184087855715
Bangunan_0032,2,Bangunan,17,112.04568923389206,-7.580697445296687,940.0,1089.6470588235295,1199.7058823529412,2405.8823529411766,2431.1176470588234,0.33752472065057926,-0.3786191911489213,-0.3847554104465352,0.006088657806482302
Bangunan_0033,2,Bangunan,44,112.04681201698405,-7.580732470672737,983.2954545454545,1134.159090909091,1266.0,2136.7954545454545,2608.340909090909,0.2563692107524593,-0.3069724363500713,-0.396547163548197,0.10128776663409894
Bangunan_0034,2,Bangunan,59,112.04698823170645,-7.580413616158061,972.6101694915254,1133.1016949152543,1281.8983050847457,2165.728813559322,2605.2033898305085,0.25983195093677475,-0.31475295754962535,-0.39791376823677566,0.0940363625194246
Bangunan_0035,2,Bangunan,38,112.04812999020403,-7.580960381693049,854.3421052631579,1053.3684210526317,1100.6052631578948,2602.4736842105262,2396.1315789473683,0.4048927127155582,-0.4221342232180234,-0.3915657212732861,-0.03818241718608475
Bangunan_0036,2,Bangunan,14,112.04649393210626,-7.578798115080258,1013.5714285714286,1168.4285714285713,1261.7142857142858,2089.0714285714284,2439.785714285714,0.24726614129890345,-0.2827888743059231,-0.3546371418724384,0.07860289682352342
Bangunan_0037,2,Bangunan,23,112.04659994219972,-7.579218334381069,837.695652173913,999.304347826087,1045.0869565217392,2253.391304347826,2294.8260869565215,0.3650722340480329,-0.38467026708140395,-0.3954301508722295,0.01150631986802018
Bangunan_0038,2,Bangunan,14,112.047290853002,-7.579041685790715,885.6428571428571,1072.0714285714287,1237.857142857143,2292.0714285714284,2590.285714285714,0.30625020360325694,-0.3664379709442012,-0.4187765121609312,0.06168209052582464
Bangunan_0039,2,Bangunan,32,112.04491858701378,-7.578261665596142,876.6875,1021.25,1106.4375,2222.21875,2446.46875,0.3338279873967733,-0.36883249547131036,-0.41563645183344944,0.053444465504147595
Bangunan_0040,2,Bangunan,18,112.04372790390107,-7.57756798698983,919.8333333333334,1076.0,1177.111111111111,2481.722222222222,2476.6111111111113,0.36057702099822264,-0.39707102091964314,-0.396522138559055,-0.0007748416781718102
Bangunan_0041,2,Bangunan,15,112.04561967077719,-7.571897714326602,1421.1333333333334,1599.8,1810.0666666666666,2528.733333333333,3196.866666666667,0.19432704835377432,-0.25388082278459145,-0.3596141377742625,0.11729521151362975
Bangunan_0042,2,Bangunan,21,112.04525790292038,-7.571864989342659,1048.0,1216.5238095238096,1363.047619047619,2070.5714285714284,2782.5238095238096,0.20895665588690054,-0.26254396950651426,-0.39468337995528424,0.14719037933962764
Bangunan_0043,2,Bangunan,84,112.04539864672245,-7.570716890300642,993.8452380952381,1160.3690476190477,1284.2261904761904,2241.3690476190477,2614.5833333333335,0.27500725534571135,-0.32044751745086025,-0.3902487037152535,0.07873505914899315
Bangunan_0044,2,Bangunan,140,112.04606255697166,-7.570935805004422,914.7928571428571,1077.4642857142858,1185.857142857143,2159.4285714285716,2576.8285714285716,0.29091861851682943,-0.33320191865705734,-0.4137049354265643,0.09135868148136342
Bangunan_0045,2,Bangunan,86,112.04240196681285,-7.572811815097255,932.0697674418604,1095.860465116279,1173.139534883721,2286.6279069767443,2479.9883720930234,0.3279001078149596,-0.357706966982277,-0.39661940991138744,0.04323214303536699
Bangunan_0046,2,Bangunan,16,112.04465206424588,-7.571094717984616,955.625,1123.375,1234.9375,2324.25,2503.875,0.3052917190642781,-0.3489098033284828,-0.38185539647559374,0.038350784858086115
Bangunan_0047,2,Bangunan,8,112.04190938249624,-7.5730853741031225,794.75,1002.25,986.875,2555.5,2293.75,0.44046051784386286,-0.4333271562358485,-0.39305892685922866,-0.05120259746649464
Bangunan_0048,2,Bangunan,13,112.04253388265968,-7.573289115647774,897.0,1040.076923076923,1128.076923076923,2274.6153846153848,2436.923076923077,0.341033389867413,-0.3754003503317014,-0.4054395709405116,0.03614735843881135
Bangunan_0049,2,Bangunan,15,112.04358277338683,-7.5741757262562945,814.2,979.2666666666667,1081.6,2072.3333333333335,2426.866666666667,0.3149531297900703,-0.3602049441754794,-0.42677990348062234,0.07954011576397586
Bangunan_0050,2,Bangunan,21,112.04361577373464,-7.5746166633529795,844.1428571428571,1036.7619047619048,1068.2380952380952,2371.0476190476193,2422.7619047619046,0.37911672717592904,-0.39042069636009924,-0.40224458755740694,0.012648310138440609
Danau_0000,4,Danau,2000,112.45482191490755,-8.165848645535311,748.102,935.2395,653.278,523.18,1026.984,-0.15271036178109784,0.32666084278614865,0.20983418659054104,0.09407629378337831
Danau_0001,4,Danau,2000,112.45922693885765,-8.174735117847074,600.2575,850.4355,550.335,634.872,541.597,-0.07928090237526327,0.27985786645152516,0.3472007948988875,-0.09365893254808846
Danau_0002,4,Danau,2000,112.46690621600005,-8.177900346356648,563.6995,787.9235,486.4175,515.5855,410.593,-0.11266248334953194,0.3346614933243474,0.421215468307276,-0.11552134573938592
Danau_0003,4,Danau,2000,112.47300721776172,-8.182063038709785,535.6305,714.651,497.285,748.2275,613.6035,0.022536086456478727,0.17233820810930173,0.24056762198372394,-0.081210381503713
Danau_0004,4,Danau,2878,112.47894179841424,-8.19165401148459,577.9093120222377,733.8561501042391,550.7498262682418,1004.9221681723419,798.7824878387769,0.07236560825071821,0.09263041094708933,0.17174913191046362,-0.09622832433681926
Danau_0005,4,Danau,2000,112.49002776395034,-8.185944506003008,437.7495,499.775,339.87,316.458,263.7955,-0.10181180462658737,0.2854614308644884,0.37174204700047847,-0.10623673839779113
Danau_0006,4,Danau,2445,112.49598922316703,-8.194317592579226,456.85807770961145,531.0944785276074,378.13496932515335,334.361145194274,294.2249488752556,-0.12077844884888433,0.28372192905845545,0.34508407329726604,-0.07334121531832485
Danau_0007,4,Danau,2000,112.51872274980212,-8.188772843332885,737.901,874.12,786.175,1015.3065,826.0585,0.04776987311250766,0.01863287561468713,0.11280187308794012,-0.09860447151184236
Danau_0008,4,Danau,2000,112.45379014778402,-8.143300275691283,555.1725,763.0025,464.2525,282.034,252.8825,-0.26718511222861846,0.47717896890754047,0.5304381520576266,-0.08064739215715334
Danau_0009,4,Danau,2000,112.45922189230222,-8.143306368806805,563.081,775.815,460.7985,293.1245,258.603,-0.2409937298995499,0.46429870806957363,0.5168463849095869,-0.07657465384937055
Danau_0010,4,Danau,2000,112.46674061680893,-8.141606596686533,542.4385,779.76,461.389,315.677,336.519,-0.21852685566590055,0.44572511725422437,0.4276896159893444,0.019737858334145986
Danau_0011,4,Danau,2000,111.54497497619981,-7.38332749392361,686.5895,985.9645,807.412,1671.7005,1394.1565,0.1922187794390172,-0.08007504145617196,0.007505352467953599,-0.11097281573709768
Danau_0012,4,Danau,2690,111.56371716170307,-7.404011744283315,651.499628252788,943.8721189591078,677.8951672862454,675.5226765799257,678.0769516728625,-0.11897568329751917,0.2937414305715181,0.32033399714596433,-0.04715639414479733
Danau_0013,4,Danau,4000,111.57389579202423,-7.400305855540459,622.1125,922.38975,663.98925,604.961,636.76375,-0.1564198495267097,0.33190993726287366,0.34012621701254575,-0.024948231790498557
Danau_0017,4,Danau,2000,111.80444130159862,-7.530205249851172,612.1395,774.927,695.787,1411.7645,1452.2755,0.19264169548455568,-0.13911568096057203,-0.19521351389776206,0.05274690218804221
Danau_0019,4,Danau,2000,111.87029227274691,-7.369142459737635,747.6945,1067.381,910.128,773.0495,827.489,-0.2027219100585114,0.29440517713130204,0.27515920600456445,0.016917008207521136
Danau_0020,4,Danau,4000,111.63232853265646,-7.798768390299538,626.1035,922.9395,537.4485,320.11075,268.2305,-0.29241951676193667,0.5159955421786593,0.5823833848840534,-0.10668402719811751
Danau_0021,4,Danau,2025,112.22038248366314,-7.19818541058222,902.7234567901235,1070.04,894.7338271604938,721.2508641975309,550.8992592592592,-0.1141131133831301,0.20158168240522167,0.3261410206571148,-0.13393546095507583
Danau_0022,4,Danau,2000,113.39573130022595,-7.950600719094223,319.336,401.943,208.9355,65.987,176.143,-0.5876790319821223,0.7501058019631622,0.4162688840206828,0.5273439810706425
Danau_0023,4,Danau,1570,113.40999115765975,-7.995722622394681,410.4535031847134,517.4025477707006,366.2547770700637,150.99108280254777,257.8891719745223,-0.4406559937444256,0.566247609393749,0.3565365559450036,0.2691443445263195
Danau_0024,4,Danau,1903,113.39005718326754,-7.977840649529172,443.18129269574354,547.6962690488702,330.2059905412507,182.92695743562797,240.37624802942722,-0.34233858295401026,0.5354017583228924,0.42616975781951055,0.15675993037260594
Danau_0025,4,Danau,844,113.53428683668962,-7.978021172685701,356.91350710900474,513.3862559241707,306.0,133.87559241706163,313.45023696682466,-0.4977787924759704,0.6395131154003111,0.3178508630745619,0.47143346478279985
Danau_0026,4,Danau,2000,113.27176503160383,-7.98566783728475,376.7685,456.7495,292.347,207.601,223.497,-0.3112039682022888,0.48288683650421926,0.4142277291980029,0.10842647177825034
Danau_0027,4,Danau,2604,113.26940081955634,-7.9982425116560885,423.67665130568355,443.7726574500768,225.40322580645162,80.02380952380952,148.12519201228878,-0.530281499130472,0.7205173644705508,0.5167135488866595,0.3686165908577424
Danau_0028,4,Danau,751,113.30726853823805,-8.042095982176313,482.4727030625832,1062.8455392809587,553.8561917443409,670.1770972037284,373.86151797603196,0.01447473802541738,0.29194233746033266,0.5431937156593728,-0.3368552403237823
Danau_0029,4,Danau,1160,114.04817875585424,-8.598863225110128,775.0698275862069,1004.1241379310345,775.0629310344827,757.7767241379311,880.2560344827587,-0.09155927146539232,0.2441098046737631,0.16304385683029848,0.08562397085288419
Danau_0030,4,Danau,448,114.05064293691399,-8.596417681566635,514.84375,556.1852678571429,406.68526785714283,491.1361607142857,600.4285714285714,0.040481574822575736,0.11589772920579677,-0.0025555261239931758,0.11762292962813743
Danau_0031,4,Danau,682,114.05137631363175,-8.600161665880975,682.124633431085,944.2712609970674,705.2507331378299,556.6568914956011,626.5689149560118,-0.17542353302375382,0.3182435455932364,0.2544687349762185,0.0684367750016661
Danau_0032,4,Danau,445,114.05370206264335,-8.602641523550979,1013.7820224719101,1197.6179775280898,1043.1842696629215,814.1033707865168,885.1977528089888,-0.17771898763111485,0.25798809342079676,0.20496885905234538,0.060503005718774275
Danau_0033,4,Danau,189,114.0588613734471,-8.60072478957713,1413.1851851851852,2199.195767195767,2940.708994708995,3313.878306878307,4602.925925925926,0.059206785370720015,-0.2008823387093474,-0.35366265021501614,0.16451352304281838
Danau_0034,4,Danau,1649,112.92101284670859,-8.049576092437421,227.38629472407519,359.1115827774409,130.20739842328683,50.589448150394176,164.25106124924196,-0.5142263343726862,0.7724317670562634,0.3869912009035283,0.5765249037301567
Danau_0035,4,Danau,82,112.95181270706323,-8.013062057755288,215.67073170731706,363.890243902439,170.85365853658536,105.63414634146342,519.7682926829268,-0.4531439457356247,0.6430689278515774,-0.08057488844869162,0.7315151102756428
Danau_0036,4,Danau,2000,113.00846242153402,-7.7280825568498805,375.377,646.754,351.068,279.875,224.63,-0.24107107899252442,0.48954915373722935,0.5598152208463482,-0.11696979637815376
Danau_0037,4,Danau,2000,111.90289151032255,-6.829370734940234,678.279,899.51,578.298,390.3825,465.1615,-0.2249862617301122,0.41924684254292555,0.32464171751592463,0.11722937359833929
Danau_0038,4,Danau,133,111.89730472330115,-6.838738466962319,535.7593984962406,584.390977443609,476.02255639097746,458.3533834586466,673.4586466165414,-0.034818657329470905,0.15509174981196844,-0.07008551466451896,0.21701245040015152
Danau_0039,4,Danau,277,111.9000489196046,-6.836228379835738,615.9602888086642,846.4657039711192,681.5379061371841,724.3790613718412,917.8339350180505,-0.05279684749701859,0.1777073419486218,0.003679129270195246,0.17379867220536674
Danau_0040,4,Danau,197,111.89732312098536,-6.8366068423784645,532.5329949238578,698.1675126903554,531.0659898477157,505.0304568527919,699.984771573604,-0.049710090019031004,0.1960308307918027,0.03467360489605729,0.16018938591736442
Danau_0041,4,Danau,51,111.89698026220394,-6.834327772325441,639.9411764705883,701.5294117647059,560.156862745098,538.8823529411765,761.6666666666666,-0.01846044280406043,0.13283598337536676,-0.03132446551982813,0.16131928663886455
Danau_0042,4,Danau,263,111.91688382237304,-6.86190905131733,1278.7794676806084,1346.958174904943,1381.1749049429657,1568.4714828897338,1513.4714828897338,0.06243959669038373,-0.07214221077761242,-0.05904574896542817,-0.013703841335292429
Danau_0043,4,Danau,851,113.27101307868045,-7.950801834351523,450.0611045828437,838.3889541715629,398.6192714453584,128.8918918918919,148.94829612220917,-0.538414599464926,0.7439824988536217,0.7000675205358505,0.12110751857419
Danau_0044,4,Danau,4000,111.79773547478996,-8.01681051842034,594.76975,779.70375,536.04,585.95125,603.57225,-0.26725813004713095,0.4249525334051473,0.3552957293593856,0.11491756834126962
Danau_0045,4,Danau,2000,111.58766095107836,-7.937138495204597,549.369,804.026,565.2155,302.8995,405.7225,-0.3962853247765957,0.5318679757137832,0.4048898195493115,0.1826890897150878
Danau_0046,4,Danau,2000,111.69867535657758,-7.194945472555986,659.7,777.5185,649.803,441.962,421.3505,-0.19299388337309956,0.2777975135684963,0.29801684447043,-0.02224130373331304
Danau_0047,4,Danau,1573,112.62612733604664,-7.153246760149659,320.66878575969486,445.1366815003179,307.9561347743166,234.49268912905276,375.1303242212333,-0.19354733498972657,0.36607414259440324,0.11862698475890539,0.2603821834919822
Danau_0048,4,Danau,1439,112.63395061810704,-7.156757858275285,308.0535093815149,430.80750521195273,263.68102849200835,251.71716469770675,324.12925642807505,-0.04436583986836358,0.28168302730186096,0.16565839748079225,0.12214426268659873
Danau_0049,4,Danau,1195,112.61439813428161,-7.098819196728559,587.271129707113,726.0928870292887,483.1313807531381,363.163179916318,416.4786610878661,-0.14549774273778251,0.33887845236188713,0.28291355318220485,0.058837261592234666
Hutan_0022,3,Hutan,1024,111.80153217341554,-7.552161045461536,704.9853515625,891.43359375,1132.025390625,2026.517578125,2705.92578125,0.28349557919671137,-0.3865851861833879,-0.5046351239865344,0.14549216038699686
Hutan_0023,3,Hutan,1492,111.80649205918414,-7.547857247988232,703.8780160857909,894.3605898123325,1096.7144772117963,2239.353217158177,2954.956434316354,0.34033754646780806,-0.4257185644046985,-0.5346558973523954,0.13935814748571698
Hutan_0024,3,Hutan,1213,111.80917650964885,-7.5517910709202285,690.7609233305853,855.2003297609233,1101.4328112118715,2023.8293487221765,2942.5614179719705,0.2897496133162777,-0.3997024397841645,-0.5482266975210797,0.18861969048032304
Hutan_0025,3,Hutan,481,111.82120235141704,-7.548874042469882,745.6902286902287,942.9480249480249,1163.3950103950103,1852.5384615384614,2596.3180873180872,0.22768720142988455,-0.32429673325467007,-0.46737138386522037,0.16849742320976946
Hutan_0026,3,Hutan,342,111.81806584604826,-7.560112334480892,692.8976608187135,881.03216374269,1120.5029239766081,2059.0497076023394,2852.9941520467837,0.2958603516492016,-0.3992245739688776,-0.5269821051751347,0.16018345339182835
Hutan_0027,3,Hutan,2000,111.80721544802473,-7.518746696650373,559.4375,763.812,946.237,2752.0045,2934.42,0.49005637219467135,-0.5648939940139485,-0.5856512580534401,0.03045335739629811
Hutan_0029,3,Hutan,2000,111.723395619811,-7.602869917457214,415.7335,576.094,570.4355,2559.573,2227.952,0.6336479949966404,-0.6301980782346817,-0.5881685688411742,-0.06959955167889166
Hutan_0030,3,Hutan,1738,111.7186846644152,-7.601837728320573,592.8970080552359,748.5874568469505,858.7497123130034,2301.7031070195626,2761.928653624856,0.45674824534296554,-0.5084246626611977,-0.5740061635416017,0.09126039942174624
Hutan_0031,3,Hutan,8000,112.99398836780067,-8.014854385700263,355.461125,563.876125,386.544625,2877.47275,1721.202625,0.7610155492700609,-0.6701077022304872,-0.5108174263404818,-0.2453634710609713
Hutan_0032,3,Hutan,4000,112.98395849970589,-8.095803100947906,429.36175,608.27425,461.8965,2783.01475,1774.9465,0.7127153236847535,-0.6376524787593018,-0.4909006000771327,-0.21762329947957046
Hutan_0033,3,Hutan,2000,112.94407633028821,-8.165346247030723,372.9315,556.4835,354.7845,2833.8775,1571.9635,0.7748865333138564,-0.6687127507228281,-0.4776817924582022,-0.2821341669394481
Hutan_0034,3,Hutan,2000,112.96095007598885,-8.156689657710366,426.172,707.589,425.7405,3256.408,1835.9195,0.7646325665780233,-0.6396382129644901,-0.4441478258254699,-0.27449127740434015
Hutan_0035,3,Hutan,2000,112.97278791308271,-8.17703379003152,329.968,559.7825,318.9775,2426.7495,1408.8105,0.7669467928860553,-0.6229895371119402,-0.42914316154876364,-0.2646699087678033
Hutan_0036,3,Hutan,2000,112.95749993807742,-8.13597289958683,853.5635,1055.914,969.4645,2592.2175,1863.55,0.45112835427460807,-0.4111443661266683,-0.2886129101422434,-0.15018133371271203
Hutan_0037,3,Hutan,2000,112.96301049956382,-8.133555530061331,451.289,694.205,480.108,2753.389,1714.655,0.7017541633214436,-0.5967921188868999,-0.43048389659565517,-0.22708264617858556
Hutan_0038,3,Hutan,4000,113.050076814042,-8.003918368572752,352.848,590.5615,363.35575,3060.2465,1807.88225,0.7875655937652406,-0.6768258391874483,-0.5114988373413525,-0.25367054686689255
Hutan_0039,3,Hutan,2000,112.9710351137988,-8.109784279838237,460.9285,629.2155,487.4455,2372.022,1633.605,0.6529638177965981,-0.5749877906103117,-0.4458962766114834,-0.1783973427994462
Hutan_0040,3,Hutan,2000,112.95304575796648,-8.112445073042991,1366.3495,1438.12,1391.8835,2352.458,1935.54,0.33837724400975894,-0.3116838326229601,-0.22373464264263157,-0.10108853483753742
Hutan_0041,3,Hutan,2000,112.96512089145044,-8.12077614956476,496.9145,661.6035,512.791,2359.92,1618.7185,0.6500292406008991,-0.5682188488976898,-0.431332656855407,-0.18365839358480035
Hutan_0042,3,Hutan,2000,112.98731056430766,-8.118603967736808,356.064,552.712,367.467,2933.713,1828.6975,0.7749191166961851,-0.6808972630302476,-0.5358488283791002,-0.2293093313212393
Hutan_0043,3,Hutan,2000,112.94703476356119,-8.12057135626811,1014.0625,1111.482,1075.6865,2218.608,1778.287,0.38674188923696573,-0.37105302659328576,-0.2734558906198331,-0.113173345714341
Hutan_0044,3,Hutan,2000,112.9499355477158,-8.114542322304137,1672.7245,1732.5485,1701.988,2616.6785,2120.6785,0.2803023208985909,-0.26795287312080096,-0.1721447578873012,-0.1038209230609198
Hutan_0045,3,Hutan,2000,112.98181177685036,-8.128763968696683,356.4735,550.642,366.947,2571.4145,1648.353,0.7478417205855139,-0.6451052299948214,-0.49879937036209904,-0.21601578649837566
Hutan_0046,3,Hutan,4000,113.08729055393856,-8.006328615700788,328.6035,545.50025,343.428,3074.80225,1737.40425,0.7966091945705843,-0.6958578560331321,-0.5217594735355643,-0.27429172919899486
Hutan_0047,3,Hutan,2000,112.94216504932284,-8.145653111048633,454.391,715.845,492.857,2975.206,1838.3575,0.712907254537224,-0.6095170059817313,-0.4416825963765223,-0.2313533798734654
Hutan_0048,3,Hutan,2000,112.93054773780273,-8.167481409269527,397.358,583.634,383.495,2702.591,1604.9705,0.7491521813972387,-0.6423593762326597,-0.4681622964706868,-0.2510008763488115
Hutan_0049,3,Hutan,2000,112.96243576495648,-8.147816421849368,626.427,849.2835,739.274,2465.221,1712.9365,0.5089104235783339,-0.4604020094250577,-0.3329649369454162,-0.16115984648253914
Laut_0000,5,Laut,2000,112.04001513371351,-6.741018769578973,1082.7295,1071.3275,703.02,557.4245,598.2155,-0.11537235856963392,0.31595116745484864,0.2821105388502758,0.03764079540497039
Laut_0001,5,Laut,4000,112.18900798713798,-6.772396845078334,1038.28025,960.512,697.9315,599.0615,700.41225,-0.07600182585798025,0.23213818864708016,0.15625584458679329,0.07873169866643175
Laut_0002,5,Laut,2000,112.35070963659936,-6.775109894024828,929.496,891.154,621.739,555.4225,573.6765,-0.0548886578592402,0.2326896409274028,0.21576895973579865,0.01781881026220217
Laut_0003,5,Laut,2000,112.49834229644853,-6.746003984167896,968.3685,922.844,728.5345,630.5595,756.052,-0.07135498111220784,0.18735876151131411,0.09688202600073956,0.09220416880523885
Laut_0004,5,Laut,4000,112.68242587273822,-6.793513428467147,888.4785,807.60925,639.9805,587.22275,644.90025,-0.04400434646425431,0.169442930632356,0.1285499000644665,0.041146947618173314
Laut_0005,5,Laut,4000,112.8045661611793,-6.760678625541451,618.305,462.18225,331.4665,300.95575,303.84325,-0.05153810945497272,0.21693586478100732,0.20909681776912312,0.008515690172257537
Laut_0006,5,Laut,2000,112.92794917944755,-6.756920025726642,638.311,468.352,266.735,207.1895,199.744,-0.12644232697100477,0.38643867222669165,0.40108333052972955,-0.01734990156363534
Laut_0007,5,Laut,2000,112.76574100448353,-6.6706393276325215,609.3735,446.3165,321.802,294.1875,306.8015,-0.04766672167567297,0.2100744960643153,0.18625110060175198,0.025101799123881958
Laut_0008,5,Laut,2000,112.85918099725143,-6.669102852548821,567.868,412.4815,296.2965,265.1655,264.7145,-0.05966993651313748,0.22514128215902376,0.2170526626196279,0.0094604485159642
Laut_0009,5,Laut,4000,112.5931882101214,-6.666828951361046,898.0145,799.507,725.29,672.94975,802.33375,-0.03565347207312476,0.08468587166686166,-0.004827138498900607,0.08946505256777029
Laut_0010,5,Laut,2000,112.94780356241361,-7.307798734807403,1051.6695,1156.3265,575.129,219.2785,149.686,-0.44737026699466803,0.6812097954184682,0.770612495221603,-0.18816630563795825
Laut_0011,5,Laut,2000,113.06268716196003,-7.32303517569801,564.4415,485.4435,261.9465,191.9075,180.6895,-0.1540097424409309,0.42937421135971077,0.4529780427311056,-0.029994104337947348
Laut_0012,5,Laut,2000,112.96267918286588,-7.430528409754404,565.2115,508.816,274.299,188.41,152.521,-0.18245114902966852,0.44995295021629617,0.5283449200138324,-0.10425368276859594
Laut_0013,5,Laut,2000,113.09692321724968,-7.4596934312225995,440.054,360.9675,244.139,192.5755,182.99,-0.11447728551587445,0.2895258454911653,0.31195811228815584,-0.024789810911482017
Laut_0014,5,Laut,4000,113.24684694675283,-7.412647834080161,403.28825,327.977,229.39125,185.14675,175.00825,-0.10663566747127581,0.278671456819839,0.3039558606794054,-0.027603013848849105
Laut_0015,5,Laut,4000,113.39531902132936,-7.3685270294352145,433.61275,351.748,278.311,251.665,255.9485,-0.0503940315739756,0.16626364655141807,0.15724061676141352,0.009205370263502745
Laut_0016,5,Laut,4000,113.55587068689589,-7.392481077937391,463.0155,390.9125,316.688,281.1855,316.63375,-0.05948002960979093,0.16247599703625917,0.10287158402011223,0.06068329512387449
Laut_0017,5,Laut,4000,113.45713108977095,-7.58857941986901,349.00675,249.771,161.233,125.6005,112.92125,-0.12572935539855085,0.3346971719699835,0.38990516446333523,-0.06590062477791929
Laut_0018,5,Laut,4000,113.00464949907234,-8.374869929545797,359.76925,281.81725,183.23575,137.4705,102.3865,-0.14302460015912924,0.34519004174387713,0.46779113537204203,-0.1464497386051894
Laut_0019,5,Laut,2000,113.06269356585274,-8.350779202152626,328.7585,253.0655,152.496,115.6935,80.9245,-0.13800814560052183,0.3733995527956109,0.5160428981070656,-0.17669898602979503
Laut_0020,5,Laut,2000,112.94340277445784,-8.427619708351607,383.8485,292.7025,205.9925,162.6765,125.019,-0.11751287153324455,0.2860832140547757,0.4015336038876619,-0.13058550234036564
Laut_0021,5,Laut,2000,112.85185114110433,-8.437690793887423,394.065,311.238,230.14,195.3365,162.591,-0.0816524124137224,0.22897228837412767,0.313685657601583,-0.09139040198063604
Laut_0022,5,Laut,4000,112.80062177179283,-8.452790990230454,380.394,308.211,223.01725,189.916,158.6185,-0.08004419883129645,0.23790995740880497,0.3209069942327678,-0.09002706489096529
Laut_0023,5,Laut,4000,113.09157838676519,-8.40492156016186,348.20825,266.5225,164.985,113.93475,78.49275,-0.18362455511944803,0.40154939699251807,0.5454158262977814,-0.18425881030018285
Laut_0024,5,Laut,2000,113.53301734994035,-8.52486192698624,311.267,252.373,174.0845,140.921,120.3545,-0.10852893441464072,0.28754630737430553,0.35870737951537257,-0.08020940854198304
Laut_0025,5,Laut,2730,113.6551032450635,-8.591430487037519,383.6835164835165,330.57216117216115,253.35018315018314,233.72197802197803,234.63882783882784,-0.04086379601324417,0.1739567631762129,0.1723510329875249,0.0013484622826263634
Laut_0026,5,Laut,2000,113.76322616976812,-8.61632870667905,454.0285,422.601,372.3285,327.83,354.4215,-0.06353853538417693,0.12710249181060426,0.08737517082759824,0.04002662278955156
Laut_0027,5,Laut,2000,113.25747845352923,-8.38726931998435,435.3285,380.23,268.8935,218.3675,192.4965,-0.10459878115224266,0.273096025791706,0.33250596688126033,-0.06601871700549776
Laut_0028,5,Laut,4000,113.19721046049787,-8.337077513323772,334.9315,291.2685,171.424,120.493,83.598,-0.17544096679266125,0.41576588729556935,0.55453408239899,-0.1803574183386505
Laut_0029,5,Laut,2000,113.36507655694611,-8.55632742843027,308.631,246.9455,165.949,123.565,107.6195,-0.14822305577824318,0.3353054910667589,0.39597451168279185,-0.07086200264092338
Laut_0030,5,Laut,2000,113.88347295027177,-8.687272029200807,504.951,433.6165,351.778,318.283,288.798,-0.05022038780375323,0.15472156391070419,0.2011130787282715,-0.04802365210584862
Laut_0031,5,Laut,2000,113.73371825983615,-8.67725509410535,432.081,407.0525,361.814,322.8075,363.923,-0.05706151348083838,0.1164832362598801,0.05474101513623679,0.061914363284329726
Laut_0032,5,Laut,2000,114.07718859286186,-8.706706168760816,461.9565,411.508,322.387,281.084,263.69,-0.0689357507101839,0.19032576055985662,0.22158677195350215,-0.0330780503712263
Laut_0033,5,Laut,2000,114.28665684887143,-8.672102892869036,608.4195,635.611,564.602,501.8225,540.811,-0.059511079164443065,0.11952904764183112,0.08057238450352211,0.03910864242540467
Laut_0034,5,Laut,4000,114.20131254317242,-8.692687915409378,463.25725,436.38775,362.86975,302.24825,324.30925,-0.09246313351892967,0.18503641601085788,0.14948540895055792,0.036224517904417705
Laut_0035,5,Laut,2000,114.26857188885411,-8.726338440989872,469.7965,447.043,381.871,326.408,351.217,-0.079529602582948,0.1596571777951061,0.12301702376250173,0.03706369001736831
Laut_0036,5,Laut,2000,114.13766335021292,-8.68613398126308,438.661,400.4055,326.0815,270.77,280.983,-0.09402428419966523,0.19704994234009254,0.17758365165810405,0.01990753018607701
Laut_0037,5,Laut,2000,112.71432923075092,-8.500694384165419,381.718,316.9205,230.647,192.071,159.211,-0.0914258470995226,0.24562828951716117,0.33129361416642567,-0.0932989409765453
Laut_0038,5,Laut,2000,112.62338898295104,-8.48744425368921,369.268,295.8385,206.0915,171.3245,140.385,-0.09217573840555233,0.26678541332540245,0.3563582897157048,-0.09900952805091348
Laut_0039,5,Laut,2000,112.56734514260626,-8.459892454493144,364.507,297.0475,208.659,169.951,141.7605,-0.10217643912559485,0.2722434804922692,0.35398997228478546,-0.09058133130720825
Laut_0040,5,Laut,2000,112.49802684641998,-8.443705134047603,427.548,406.7405,336.95,313.2445,293.5235,-0.03685504393997345,0.13093498769071796,0.16104664123144827,-0.030882191912079384
Laut_0041,5,Laut,2000,112.42750373850373,-8.444525149280823,415.238,392.7985,324.005,301.2,282.2185,-0.03670790585571617,0.13301443428269674,0.16317980464188236,-0.03094900025287624
Laut_0042,5,Laut,2000,112.51438752719834,-8.486583458031197,460.4565,448.645,391.5915,374.611,376.8935,-0.0239259740441717,0.09340501480942479,0.09007914021423796,0.003077721236967607
Laut_0043,5,Laut,4000,113.65352074956056,-7.591608266016415,378.409,275.7355,206.4985,186.8665,205.4095,-0.05010447938381256,0.19813776471680034,0.14945149363529958,0.04950982365723962
Laut_0044,5,Laut,2000,113.75772825088657,-7.500908117506885,478.816,368.6715,293.4175,274.847,267.7195,-0.03306792701156508,0.14731324543016394,0.1584485695449877,-0.011363038585802643
Laut_0045,5,Laut,2000,113.05721311019894,-6.76986443072071,653.614,466.9275,265.9245,211.582,189.33,-0.11408774352197801,0.37598249591445737,0.4211821248704995,-0.05365290359342333
Laut_0046,5,Laut,2000,113.17748466484979,-6.775847295877585,726.1175,534.01,315.8025,257.9915,243.685,-0.10046857649146923,0.3486791368605982,0.37289719444868935,-0.028125319656161815
Laut_0047,5,Laut,4000,113.31122183849004,-6.797081616381631,764.0745,572.564,344.245,282.442,304.704,-0.0980085999154736,0.3348106919660332,0.2987071262199623,0.04005810261945238
Laut_0048,5,Laut,8000,113.40765438229936,-6.798731598666679,729.90725,562.230625,344.790125,290.970875,284.592375,-0.08482987926433655,0.3159151144880346,0.3246144354061961,-0.010286711152935736
Laut_0049,5,Laut,4000,113.54054367119424,-6.80207700828832,827.42425,659.24125,414.71675,369.1625,374.0185,-0.05819176403868533,0.28137052202246077,0.2746989414759068,0.006975944748571698
Mangrove_0000,6,Mangrove,509,112.83493762279112,-7.358624343221185,342.4086444007859,691.7897838899803,414.95088408644403,3335.145383104126,1391.7328094302554,0.7733551778139034,-0.6516626014110284,-0.3342733082265816,-0.40816173169980247
Mangrove_0001,6,Mangrove,325,112.8347580674233,-7.360738310896455,327.21846153846155,672.7815384615385,386.2523076923077,3489.095384615385,1465.3046153846153,0.7993696190898898,-0.6755331098597961,-0.37056765975856604,-0.4072137099505767
Mangrove_0002,6,Mangrove,1412,112.83589128159775,-7.361271493359998,447.5531161473088,779.9412181303117,533.400849858357,3138.2528328611897,1346.526912181303,0.6584436089749696,-0.5546856942616162,-0.2435902816909972,-0.3900111179081207
Mangrove_0003,6,Mangrove,226,112.83515658308575,-7.356593725147111,371.58849557522126,721.7345132743363,452.3274336283186,3126.20796460177,1328.1769911504425,0.7335397992774447,-0.6129688767973577,-0.292260884780565,-0.3961707362820975
Mangrove_0004,6,Mangrove,1104,112.8355279175636,-7.365717094062161,389.875,739.9782608695652,455.4039855072464,3422.0054347826085,1379.911231884058,0.7380837006810329,-0.6203041660884945,-0.28976518400708035,-0.41928414251298035
Mangrove_0005,6,Mangrove,38,112.8357290204553,-7.363290282228399,712.7105263157895,967.1578947368421,844.921052631579,1989.2894736842106,1034.578947368421,0.37447010012161996,-0.31780716558505295,-0.017103802806327225,-0.3128721619038995
Mangrove_0006,6,Mangrove,103,112.83295858554965,-7.372593882281805,370.71844660194176,749.3495145631068,413.3398058252427,3947.0582524271845,1341.0291262135922,0.8022788156349329,-0.6729809746539768,-0.27460872040283674,-0.4922053553317777
Mangrove_0007,6,Mangrove,733,112.83373590179902,-7.374944733326486,319.34652114597543,685.7557980900409,352.8635743519782,4185.7162346521145,1455.7162346521145,0.8435332527582637,-0.7176462414988012,-0.35973174371666095,-0.48277724109084685
Mangrove_0008,6,Mangrove,14,112.83258951409049,-7.37297021474516,349.2142857142857,704.2142857142857,376.64285714285717,4120.571428571428,1368.0714285714287,0.8305103431944827,-0.7061625002178478,-0.3192940228786396,-0.5001231469525803
Mangrove_0009,6,Mangrove,811,112.8353927085486,-7.37338725693891,457.517879161529,793.9210850801479,543.2145499383478,3326.05055487053,1313.7521578298397,0.6629050283124275,-0.5646517761556269,-0.22458525464769338,-0.4166517644973176
Mangrove_0010,6,Mangrove,2000,112.83414103749527,-7.378629177354834,398.4755,741.129,450.934,3590.513,1358.336,0.747534012225663,-0.6305930766519844,-0.28374149846273333,-0.44276468103774735
Mangrove_0011,6,Mangrove,719,112.8323252124281,-7.382344334246126,371.89568845618913,744.3616133518776,420.2294853963839,3349.5034770514603,1225.7426981919332,0.7596873290214033,-0.619912979450988,-0.23364175396235246,-0.4590157477964028
Mangrove_0012,6,Mangrove,433,112.82951659339484,-7.3826854169300535,373.48960739030025,728.9214780600462,437.1247113163972,2899.8060046189375,1263.4549653579677,0.7342453698583359,-0.5952296122635132,-0.26529664140696557,-0.39083557872553737
Mangrove_0013,6,Mangrove,2000,112.83325594294315,-7.386878163655933,341.3805,668.7025,395.654,3256.8115,1418.047,0.7806988015771612,-0.6569855522313669,-0.3576766348167416,-0.39237828911289163
Mangrove_0014,6,Mangrove,1232,112.83591862076733,-7.393471264689134,359.7621753246753,665.4683441558442,404.06006493506493,3451.012987012987,1455.2037337662337,0.7862347359240857,-0.6732115135191578,-0.37247455142148295,-0.40304823673714596
Mangrove_0015,6,Mangrove,516,112.83571613895504,-7.39822622548425,342.68798449612405,656.7383720930233,373.3391472868217,3650.484496124031,1434.031007751938,0.8136182438300648,-0.6945155788854387,-0.3707307758975286,-0.4356225287190527
Mangrove_0016,6,Mangrove,690,112.83442758487563,-7.401472250674283,362.5057971014493,704.0347826086957,398.26666666666665,3626.691304347826,1391.2347826086957,0.7955032367375006,-0.669380256622632,-0.3261369842324225,-0.44106695097280035
Mangrove_0017,6,Mangrove,167,112.83308708946575,-7.404146601083703,424.79041916167665,771.3952095808384,478.89820359281435,3140.808383233533,1239.3532934131736,0.724055956072833,-0.5950430794329169,-0.21986315322613387,-0.43484746691628146
Mangrove_0018,6,Mangrove,141,112.833264220432,-7.357331107117221,394.63120567375887,776.6382978723404,451.1843971631206,3761.340425531915,1335.1418439716313,0.7675984738404512,-0.641213762962286,-0.258197145234467,-0.4683525340349919
Mangrove_0019,6,Mangrove,399,112.832038053234,-7.356389471914685,363.90225563909775,749.2556390977444,402.0025062656642,4039.8847117794485,1392.3659147869673,0.8142411288322371,-0.6828350915395268,-0.29768954621373567,-0.48506300621288273
Mangrove_0020,6,Mangrove,2000,112.83514350587008,-7.351768772469282,344.4325,714.4325,406.411,3697.2175,1473.777,0.7945089637535542,-0.6694867904615155,-0.3453168788651817,-0.4264171292427485
Mangrove_0021,6,Mangrove,843,112.83547190832728,-7.346190982370601,340.7651245551601,712.0249110320285,387.9833926453144,3839.17556346382,1479.5338078291816,0.8154257560539164,-0.6861710315509707,-0.3495981716689468,-0.4431275070324897
Mangrove_0022,6,Mangrove,399,112.83522317875355,-7.343780920037417,332.2155388471178,701.0325814536341,375.61654135338347,3918.8696741854637,1437.764411027569,0.8229041374713512,-0.694756633248811,-0.3433473707342769,-0.4617998645314459
Mangrove_0023,6,Mangrove,2000,112.83835827430586,-7.341854754018985,427.651,777.184,509.793,3339.53,1429.4545,0.717720736442798,-0.6054814438005344,-0.29071661126519627,-0.39660246185165854
Mangrove_0024,6,Mangrove,1058,112.83710656848605,-7.332256602987278,386.1313799621928,771.2759924385633,457.437618147448,3254.7608695652175,1391.0425330812855,0.7480613029302013,-0.6115166216033157,-0.2869678984861612,-0.3985472369138673
Mangrove_0025,6,Mangrove,1028,112.80527293091299,-7.250628642947837,251.12354085603113,599.8268482490272,317.8249027237354,3065.1225680933853,1451.865758754864,0.8104485328212501,-0.6707671049138074,-0.41533408194199195,-0.35535048973185046
Mangrove_0026,6,Mangrove,2000,112.80870994633989,-7.251008717110735,264.0325,617.0705,321.351,3133.5055,1414.034,0.8088988803672329,-0.6670270233741983,-0.3927339926042815,-0.3722035685506707
Mangrove_0027,6,Mangrove,95,112.8110706487034,-7.247689282058243,335.61052631578946,676.6421052631579,357.34736842105264,3477.1157894736843,1252.0315789473684,0.8052363292548578,-0.667400559021831,-0.29513475486986024,-0.46560765743310745
Mangrove_0028,6,Mangrove,2000,112.81371886635121,-7.252395464339517,316.1955,634.6015,361.9835,3060.8035,1451.9345,0.7857907341934507,-0.6542629294621094,-0.39225868715693796,-0.35316208730999565
Mangrove_0029,6,Mangrove,2000,112.82229991232501,-7.255737351080969,338.619,665.729,387.6115,3110.5395,1460.124,0.775579600901528,-0.6451161276502306,-0.37373275231226566,-0.3581905921501216
Mangrove_0030,6,Mangrove,2000,112.83293202242429,-7.264291646052207,347.277,706.3175,406.389,3239.5395,1439.0515,0.7732719599419386,-0.6387134335828925,-0.3389183779723197,-0.3841955789557022
Mangrove_0031,6,Mangrove,2000,112.83501374370242,-7.270965181698357,345.9545,716.0585,397.555,3362.2625,1420.816,0.7774831696998159,-0.6388210330222535,-0.32783962844671327,-0.39854768302006327
Mangrove_0032,6,Mangrove,110,112.83565331074044,-7.2736231719133375,571.4090909090909,814.6909090909091,688.9545454545455,2183.1181818181817,1330.290909090909,0.4839223206486777,-0.4236275713339096,-0.2421202987634284,-0.21500405885765825
Mangrove_0033,6,Mangrove,399,112.84039784387323,-7.27549770787971,601.4285714285714,848.8671679197995,821.4987468671679,1694.8395989974938,1316.9924812030076,0.2890634107870597,-0.27344567373187056,-0.1973486515009211,-0.08782451336316328
Mangrove_0034,6,Mangrove,778,112.83731126807301,-7.276175375947988,395.0334190231362,747.2647814910026,462.7095115681234,2978.0244215938305,1377.9460154241644,0.7216180858079445,-0.5906423055224417,-0.2935630906394629,-0.3629780015171377
Mangrove_0035,6,Mangrove,2000,113.17870024917106,-7.740525411297351,320.9735,610.82,361.479,2928.213,1233.7405,0.7773170629057549,-0.6528219143282105,-0.3352040181577064,-0.4063032394987724
Mangrove_0036,6,Mangrove,457,113.18168281338475,-7.746385925450715,272.2144420131291,540.4245076586433,316.12910284463896,2716.3107221006567,996.3216630196937,0.7874041914340382,-0.6645796256341795,-0.28697694817697067,-0.4650513934262569
Mangrove_0037,6,Mangrove,222,113.18480045780063,-7.746926003999902,241.2972972972973,465.3333333333333,279.0045045045045,2499.6216216216217,792.9234234234234,0.7915084467023626,-0.6793502424624224,-0.25497180871511294,-0.5139473635708827
Mangrove_0038,6,Mangrove,2000,113.18784662488453,-7.744033532403488,282.896,572.837,329.967,3004.7725,1088.956,0.8026707438437441,-0.6811511517474439,-0.3127723390269584,-0.47032090878995064
Mangrove_0039,6,Mangrove,789,112.69675684614815,-7.157458713632529,128.22053231939162,419.7908745247148,192.1977186311787,3000.3447401774397,969.2167300380228,0.8750279775497097,-0.7514954647354661,-0.39496737894007866,-0.51208146623749
Mangrove_0040,6,Mangrove,620,112.70194230605154,-7.163612450127366,125.26451612903226,381.6677419354839,189.98225806451612,2792.877419354839,803.7467741935484,0.8634569843690428,-0.7517430635508974,-0.3573588816852925,-0.5496051373359393
Mangrove_0041,6,Mangrove,293,112.70779244768418,-7.167507087348608,129.77474402730377,382.76109215017067,198.3174061433447,2845.027303754266,817.2013651877133,0.8607730276632489,-0.7551451261155911,-0.3628083982413194,-0.5495847724251692
Mangrove_0042,6,Mangrove,629,112.69279984790174,-7.151607617131855,212.10492845786965,612.9936406995231,335.9697933227345,3103.9236883942767,1196.616852146264,0.8011308468461102,-0.6672071811584677,-0.3230019507376684,-0.4424430276805336
Mangrove_0043,6,Mangrove,762,112.69336091370556,-7.148946029158075,141.45669291338584,519.0314960629921,216.43438320209972,3190.8412073490813,1106.9028871391076,0.871932131353239,-0.7201441905376688,-0.3638978115255904,-0.48645559797760834
Mangrove_0045,6,Mangrove,975,112.69396745224181,-7.14455246528019,97.41846153846154,391.43589743589746,160.1948717948718,2938.7610256410258,887.9907692307693,0.8928061682711669,-0.7622860917505667,-0.3924638250334633,-0.5329280790356473
Mangrove_0046,6,Mangrove,499,112.69558007677469,-7.140907729654389,120.24448897795591,392.4068136272545,180.0,2894.3527054108217,805.1462925851704,0.8751844376700922,-0.7544091215478537,-0.35013760815307393,-0.5617829778172823
Mangrove_0047,6,Mangrove,559,112.71505421456435,-7.169528224909198,90.1824686940966,330.4686940966011,143.4114490161002,2987.035778175313,924.5008944543828,0.9033684500433007,-0.7953156750829047,-0.48295142867377067,-0.5255796154079884
Mangrove_0048,6,Mangrove,1085,112.71117731267942,-7.167284034310355,86.06820276497696,417.9299539170507,146.92073732718893,3080.326267281106,1018.4709677419355,0.9071772797003921,-0.7618234293111245,-0.42961798233245024,-0.5016937153603318
Mangrove_0049,6,Mangrove,593,112.69827290961739,-7.13326476975406,172.14671163575042,446.63743676222595,211.61720067453626,2913.107925801012,823.0590219224283,0.8468334468193119,-0.7182582376409797,-0.29371041059680236,-0.5535255280023118
Sawah_0000,1,Sawah,31,112.03415112365614,-7.576807648301443,514.2903225806451,721.3870967741935,499.51612903225805,4236.870967741936,1971.7096774193549,0.7886140195737178,-0.7085341075135152,-0.4641516141116917,-0.3647128939518971
Sawah_0001,1,Sawah,58,112.03724444882661,-7.576930975121093,560.6896551724138,751.3448275862069,566.0862068965517,3570.3793103448274,2035.551724137931,0.7237621292911249,-0.649937915989597,-0.4613427477392864,-0.2716767306493612
Sawah_0002,1,Sawah,69,112.03599967163056,-7.577834616784904,496.231884057971,688.4492753623189,457.17391304347825,3837.782608695652,1944.2173913043478,0.7849342195514678,-0.6939078012060196,-0.477055797116483,-0.32507226069406236
Sawah_0003,1,Sawah,45,112.03953513306222,-7.574545166671034,490.2888888888889,710.9111111111112,440.75555555555553,4530.177777777778,1932.4444444444443,0.8223433446750104,-0.72851192192042,-0.4621968997942147,-0.4017030245773706
Sawah_0004,1,Sawah,36,112.03691287660843,-7.574639850395347,1321.5277777777778,1513.8333333333333,1550.111111111111,2898.4444444444443,2673.9444444444443,0.33208623689978234,-0.3486251470685564,-0.31745338292091363,-0.035121677167185686
Sawah_0005,1,Sawah,19,112.03804910207471,-7.573668188140485,445.89473684210526,666.9473684210526,403.0,4321.105263157895,1938.7894736842106,0.8293331940640567,-0.7325837720338938,-0.4882348074505275,-0.3804688729349282
Sawah_0006,1,Sawah,12,112.03783402965843,-7.574496967447466,474.1666666666667,668.0833333333334,435.0,3988.5,1957.4166666666667,0.8031881608009445,-0.7129361498621286,-0.49105340136531,-0.3415147625012498
Sawah_0007,1,Sawah,17,112.03834816581163,-7.574341457121064,456.88235294117646,652.6470588235294,432.4117647058824,3751.1176470588234,1946.5294117647059,0.7931087457471075,-0.7034434241204911,-0.49782837929378776,-0.3164541158435631
Sawah_0008,1,Sawah,28,112.03858382587077,-7.5739912839947365,451.89285714285717,652.3928571428571,398.5357142857143,4173.142857142857,1924.25,0.8254552440894931,-0.7294079279100208,-0.4936016009312597,-0.3684922899301634
Sawah_0009,1,Sawah,11,112.03791140304415,-7.5741185671789175,450.1818181818182,657.2727272727273,411.09090909090907,4187.181818181818,1932.3636363636363,0.8209185977223746,-0.7283528591364665,-0.49238659933607215,-0.3680505570318291
Sawah_0010,1,Sawah,11,112.03866842440196,-7.573680992298298,438.72727272727275,653.6363636363636,403.54545454545456,4233.909090909091,1937.909090909091,0.8259262911128996,-0.7324720085944091,-0.49557092876042824,-0.3719543040905066
Sawah_0011,1,Sawah,10,112.03823132252683,-7.573862920184665,447.0,661.3,398.7,4270.0,1938.6,0.8291702565414116,-0.7317739193070635,-0.49131677034288507,-0.37541616549053514
Sawah_0012,1,Sawah,23,112.03924514606945,-7.573801518050921,461.2173913043478,669.7826086956521,412.82608695652175,4595.434782608696,1965.6521739130435,0.8350763899988187,-0.7454873866501363,-0.4917293710804332,-0.4006509005923747
Sawah_0013,1,Sawah,52,112.03748872353222,-7.57369250005778,496.0,725.1153846153846,514.7307692307693,3603.673076923077,2042.4038461538462,0.7468816550759587,-0.6626368971370542,-0.47563703670185514,-0.27403942708583656
Sawah_0014,1,Sawah,40,112.03812538961554,-7.575993103450644,496.25,696.2,432.325,4342.575,1893.875,0.8188461242639888,-0.7236915566718966,-0.4624968448616076,-0.3926225454103727
Sawah_0015,1,Sawah,14,112.03911798809877,-7.575359573915384,497.5,690.4285714285714,422.5,4439.642857142857,1933.642857142857,0.826134836854215,-0.7306903280658951,-0.4736837978901626,-0.3931138661924337
Sawah_0016,1,Sawah,13,112.03805888285002,-7.576680976053296,504.3076923076923,693.3846153846154,427.6923076923077,4314.2307692307695,1943.2307692307693,0.8195803645897853,-0.723039239176032,-0.4740348410907286,-0.3788220886490159
Sawah_0017,1,Sawah,24,112.03883373849406,-7.577192797408962,513.3333333333334,691.0,446.0833333333333,4172.375,2025.125,0.8067823343545318,-0.7157699079154631,-0.4911845217528614,-0.34639531935208373
Sawah_0018,1,Sawah,24,112.0346828280132,-7.577033100557532,499.1666666666667,691.375,445.0416666666667,4350.916666666667,1940.4583333333333,0.8142838497017831,-0.7256829828570676,-0.47462697552494415,-0.3829860474892503
Sawah_0019,1,Sawah,31,112.03436661735226,-7.576442446864971,523.9032258064516,751.4516129032259,545.483870967742,3827.1935483870966,2071.8064516129034,0.7505710274287837,-0.6713700960482774,-0.4682849781369688,-0.2974393775462397
Sawah_0020,1,Sawah,35,112.03493182216285,-7.576470362448075,540.5428571428571,753.7428571428571,586.7714285714286,3703.8,2029.5142857142857,0.7250648830104293,-0.6597755615245106,-0.4604009935300661,-0.29047853835478177
Sawah_0021,1,Sawah,10,112.03497564372961,-7.576927641500608,505.8,708.6,462.5,4097.3,1958.6,0.7971157511448579,-0.7051000853755529,-0.46869457697529066,-0.35307023830946577
Sawah_0022,1,Sawah,10,112.03497650739357,-7.577289411451126,496.0,734.4,462.9,3935.7,1926.7,0.7894711599568545,-0.6854778883398455,-0.44817450538740333,-0.3425443210903634
Sawah_0023,1,Sawah,14,112.0368599678801,-7.578685503901167,525.6428571428571,676.8571428571429,461.07142857142856,3532.8571428571427,1885.2857142857142,0.7690273307850887,-0.6783088189660501,-0.4716582169718219,-0.3039211800789163
Sawah_0024,1,Sawah,15,112.0373089144186,-7.57853197342907,510.0,684.2666666666667,454.73333333333335,3568.3333333333335,1986.7333333333333,0.7737718146655268,-0.6780608654903509,-0.4876313229274576,-0.284470956083578
Sawah_0025,1,Sawah,39,112.0376799667142,-7.577614137022615,512.1025641025641,678.8205128205128,445.7435897435897,3890.6153846153848,1948.871794871795,0.7941479564661137,-0.702637699274571,-0.4833488492875384,-0.3321930234530335
Sawah_0026,1,Sawah,59,112.0395470391243,-7.578699242540235,592.0,823.3389830508474,707.3050847457627,3426.9322033898306,2188.0508474576272,0.6553692283232445,-0.6106558992234924,-0.4528327178587585,-0.2191973639861152
Sawah_0027,1,Sawah,31,112.03981192480587,-7.579341154825223,504.51612903225805,690.7741935483871,423.8709677419355,4518.193548387097,1986.967741935484,0.8284352461514376,-0.7347500824923351,-0.48404149618882875,-0.38909569685104073
Sawah_0028,1,Sawah,24,112.0407174759651,-7.580003332171302,500.8333333333333,681.4583333333334,428.6666666666667,4386.291666666667,1939.2083333333333,0.8218934702089357,-0.7309870983001772,-0.47993993226364856,-0.38683460482990745
Sawah_0029,1,Sawah,23,112.03414262502622,-7.577454976704275,500.30434782608694,694.5217391304348,450.39130434782606,4335.347826086957,1936.7391304347825,0.8115725780647791,-0.7236703800873052,-0.47212124736599376,-0.3821471891774034
Sawah_0030,1,Sawah,36,112.03444392690845,-7.578208171157693,505.8888888888889,706.1388888888889,459.5,4146.166666666667,1938.611111111111,0.8000933482694469,-0.7086616539409583,-0.46602419011379237,-0.36238007321070625
Sawah_0031,1,Sawah,19,112.03663665208437,-7.579488461871066,546.6842105263158,779.3684210526316,514.1578947368421,3593.6315789473683,1967.8947368421052,0.749075883197689,-0.6430488934029275,-0.43278029331995677,-0.2916501598277825
Sawah_0032,1,Sawah,19,112.03632568221893,-7.579117910225238,503.57894736842104,694.578947368421,457.57894736842104,3713.4210526315787,1971.7894736842106,0.7794253686533056,-0.6837280860940476,-0.4790639782780821,-0.3048689911273371
Sawah_0033,1,Sawah,12,112.03675696743112,-7.578931237191423,512.5833333333334,677.75,432.6666666666667,4055.25,1934.4166666666667,0.8068476450291824,-0.7133753105359841,-0.4811051501025225,-0.35376677276365304
Sawah_0034,1,Sawah,77,112.04016356519834,-7.5816105550572,532.7402597402597,725.3376623376623,426.7142857142857,4357.532467532467,1891.4935064935064,0.8212721350009404,-0.7143437847762971,-0.4457705189691959,-0.39422457010919937
Sawah_0035,1,Sawah,19,112.03493029284296,-7.580111342745432,527.8947368421053,713.8421052631579,507.2631578947368,3470.2105263157896,1992.4736842105262,0.7445811265400392,-0.658422600828238,-0.47272033188130275,-0.27010792978287645
Sawah_0036,1,Sawah,11,112.03493360862079,-7.579683786182479,575.4545454545455,788.0909090909091,598.5454545454545,3761.6363636363635,2122.181818181818,0.7252683872046454,-0.6533824119101165,-0.4586043231326374,-0.2785993484369224
Sawah_0037,1,Sawah,10,112.03575305462354,-7.579847101022061,538.8,696.2,533.8,3470.6,1895.6,0.7333568072932399,-0.665815369450217,-0.4627583663842062,-0.29347249982954393
Sawah_0038,1,Sawah,17,112.0368935393825,-7.5814154325518945,517.2941176470588,690.8235294117648,437.3529411764706,4295.294117647059,1910.5882352941176,0.8148835393686311,-0.7226648337094829,-0.4688456569128128,-0.3840173881632441
Sawah_0039,1,Sawah,15,112.03685825992235,-7.582120616802509,514.6666666666666,670.5333333333333,459.8,4123.533333333334,1854.2,0.7992295050909026,-0.7202068033101888,-0.4686682736510946,-0.37948306669685294
Sawah_0040,1,Sawah,16,112.03575380381263,-7.57636730576066,504.4375,702.625,492.875,3817.5,2019.0,0.7709315746109453,-0.6887106838119331,-0.4832508068464727,-0.30836054313281014
Sawah_0041,1,Sawah,8,112.03802927436439,-7.580330070221643,495.625,658.5,401.125,4075.125,1885.5,0.8207738668846412,-0.7217678202177734,-0.48233723076206353,-0.3673407395127625
Sawah_0042,1,Sawah,12,112.03832282341078,-7.5798997662517955,497.8333333333333,670.25,413.8333333333333,4066.0833333333335,1907.5,0.8152594793455266,-0.716940935277865,-0.4799885255484255,-0.3612811270032387
Sawah_0043,1,Sawah,12,112.03835965080953,-7.579507759177694,532.4166666666666,705.9166666666666,475.8333333333333,4014.5,1955.5,0.7874598169387945,-0.7002890551703583,-0.4698745976916356,-0.3443027703250236
Sawah_0044,1,Sawah,27,112.03481914787805,-7.577887379216206,494.77777777777777,706.1481481481482,455.0740740740741,4002.296296296296,1896.4074074074074,0.7957584631984197,-0.6999906228698222,-0.4568869506287325,-0.35715534911481944
Sawah_0045,1,Sawah,29,112.04201874410079,-7.580225416134235,541.4827586206897,724.448275862069,470.3103448275862,3666.5172413793102,1945.1379310344828,0.7715923535213725,-0.6693529392960957,-0.45733563151073575,-0.30527948982344955
Sawah_0046,1,Sawah,20,112.04221386959671,-7.579094569971614,549.1,734.85,581.3,3464.05,2020.55,0.7106419461835879,-0.6482059308004844,-0.4669096250876432,-0.26155656199370003
Sawah_0047,1,Sawah,14,112.04240890480331,-7.578891898821309,556.5714285714286,742.0,621.4285714285714,3376.285714285714,2027.357142857143,0.688960068707875,-0.6393387445847332,-0.4641159920168835,-0.2493073097700536
Sawah_0048,1,Sawah,21,112.04318886266468,-7.578364600983537,558.047619047619,735.047619047619,532.2857142857143,4295.809523809524,2037.8095238095239,0.7788300659421471,-0.7071536036182314,-0.470020995745691,-0.3558273334049653
Sawah_0049,1,Sawah,12,112.04153215234074,-7.579552937904041,507.0833333333333,677.8333333333334,450.0833333333333,3500.75,1904.25,0.7721136126945479,-0.6755238520007821,-0.4749544746044417,-0.29534554566826937
Sawah_0050,1,Sawah,20,112.04291601805394,-7.57896626848941,533.25,702.35,496.95,3753.2,2024.95,0.7660445357810596,-0.6845164292291863,-0.4848935795646495,-0.2989288382341563
