mean_fit_time,std_fit_time,mean_score_time,std_score_time,param_class_weight,param_max_depth,param_max_features,param_min_samples_leaf,param_n_estimators,params,split0_test_score,split1_test_score,split2_test_score,split3_test_score,split4_test_score,mean_test_score,std_test_score,rank_test_score
1.2731601238250732,0.31775146472407995,0.0818756103515625,0.013291493735081943,,,sqrt,2,200,"{'class_weight': None, 'max_depth': None, 'max_features': 'sqrt', 'min_samples_leaf': 2, 'n_estimators': 200}",0.9411477411477412,1.0,0.9737373737373737,0.9010989010989011,0.9155067155067157,0.9462981462981463,0.036481258046989595,1
1.2914675235748292,0.07282517557936576,0.10801868438720703,0.021602151363208387,,10,sqrt,2,200,"{'class_weight': None, 'max_depth': 10, 'max_features': 'sqrt', 'min_samples_leaf': 2, 'n_estimators': 200}",0.9411477411477412,1.0,0.9737373737373737,0.9010989010989011,0.9155067155067157,0.9462981462981463,0.036481258046989595,1
2.612593936920166,0.2154943956005368,0.15230183601379393,0.013476900816225334,,10,sqrt,2,500,"{'class_weight': None, 'max_depth': 10, 'max_features': 'sqrt', 'min_samples_leaf': 2, 'n_estimators': 500}",0.9174603174603174,1.0,0.9737373737373737,0.9010989010989011,0.9155067155067157,0.9415606615606615,0.03833349927708742,3
3.109967851638794,0.47426774417606093,0.18146357536315919,0.020490280152821824,,,sqrt,2,500,"{'class_weight': None, 'max_depth': None, 'max_features': 'sqrt', 'min_samples_leaf': 2, 'n_estimators': 500}",0.9174603174603174,1.0,0.9737373737373737,0.9010989010989011,0.9155067155067157,0.9415606615606615,0.03833349927708742,3
1.3611477375030518,0.0708857100309224,0.09385237693786622,0.016458338441243284,,5,sqrt,2,200,"{'class_weight': None, 'max_depth': 5, 'max_features': 'sqrt', 'min_samples_leaf': 2, 'n_estimators': 200}",0.9411477411477412,1.0,0.9737373737373737,0.9010989010989011,0.8895604395604396,0.9411088911088912,0.04193047639135454,5
2.662721538543701,0.12521993920312807,0.18581857681274414,0.029566280452735613,,5,sqrt,2,500,"{'class_weight': None, 'max_depth': 5, 'max_features': 'sqrt', 'min_samples_leaf': 2, 'n_estimators': 500}",0.9174603174603174,1.0,0.9737373737373737,0.8917378917378916,0.9155067155067157,0.9396884596884597,0.04043492170891087,6
1.2923887729644776,0.0733612427557381,0.09247760772705078,0.0051221187792740795,,5,sqrt,1,200,"{'class_weight': None, 'max_depth': 5, 'max_features': 'sqrt', 'min_samples_leaf': 1, 'n_estimators': 200}",0.9174603174603174,1.0,0.9737373737373737,0.8917378917378916,0.8895604395604396,0.9344992044992045,0.04465049668529248,7
2.9316741943359377,0.4828762542546474,0.20539097785949706,0.06349334677584235,,,sqrt,1,500,"{'class_weight': None, 'max_depth': None, 'max_features': 'sqrt', 'min_samples_leaf': 1, 'n_estimators': 500}",0.9174603174603174,1.0,0.9737373737373737,0.8641025641025641,0.9155067155067157,0.9341613941613941,0.047824978507190655,8
2.572392463684082,0.33823617196689104,0.1661546230316162,0.025785341274243673,,10,sqrt,1,500,"{'class_weight': None, 'max_depth': 10, 'max_features': 'sqrt', 'min_samples_leaf': 1, 'n_estimators': 500}",0.9174603174603174,1.0,0.9737373737373737,0.8641025641025641,0.9155067155067157,0.9341613941613941,0.047824978507190655,8
1.061004400253296,0.15256584050568614,0.06991162300109863,0.010995880191251363,,10,sqrt,1,200,"{'class_weight': None, 'max_depth': 10, 'max_features': 'sqrt', 'min_samples_leaf': 1, 'n_estimators': 200}",0.8932844932844933,1.0,0.9737373737373737,0.9010989010989011,0.8895604395604396,0.9315362415362415,0.046086478864774884,10
1.1728026390075683,0.13041952802692755,0.08152580261230469,0.014699393261827023,,,sqrt,1,200,"{'class_weight': None, 'max_depth': None, 'max_features': 'sqrt', 'min_samples_leaf': 1, 'n_estimators': 200}",0.8932844932844933,1.0,0.9737373737373737,0.9010989010989011,0.8895604395604396,0.9315362415362415,0.046086478864774884,10
2.8809664249420166,0.44561442153164377,0.19158048629760743,0.060505768290754935,balanced,,sqrt,1,500,"{'class_weight': 'balanced', 'max_depth': None, 'max_features': 'sqrt', 'min_samples_leaf': 1, 'n_estimators': 500}",0.9411477411477412,1.0,0.9737373737373737,0.8574786324786325,0.8740384615384617,0.9292804417804419,0.05536367709633197,12
2.8925857543945312,0.23425360928827263,0.19327354431152344,0.03134146989715794,balanced,10,sqrt,1,500,"{'class_weight': 'balanced', 'max_depth': 10, 'max_features': 'sqrt', 'min_samples_leaf': 1, 'n_estimators': 500}",0.9411477411477412,1.0,0.9737373737373737,0.8574786324786325,0.8740384615384617,0.9292804417804419,0.05536367709633197,12
2.6179308891296387,0.33393729807524675,0.16561431884765626,0.025836176777329783,,5,sqrt,1,500,"{'class_weight': None, 'max_depth': 5, 'max_features': 'sqrt', 'min_samples_leaf': 1, 'n_estimators': 500}",0.9174603174603174,1.0,0.9737373737373737,0.8380341880341882,0.9155067155067157,0.9289477189477189,0.055914990634905966,14
1.3818438529968262,0.04477166122583768,0.08052210807800293,0.009672782294211693,balanced,,,4,200,"{'class_weight': 'balanced', 'max_depth': None, 'max_features': None, 'min_samples_leaf': 4, 'n_estimators': 200}",0.9411477411477412,1.0,0.9737373737373737,0.8307692307692308,0.8740384615384617,0.9239385614385615,0.0628203218012797,15
1.2019879341125488,0.145219468498906,0.06643838882446289,0.005429371544766169,balanced,,,2,200,"{'class_weight': 'balanced', 'max_depth': None, 'max_features': None, 'min_samples_leaf': 2, 'n_estimators': 200}",0.9411477411477412,1.0,0.9737373737373737,0.8307692307692308,0.8740384615384617,0.9239385614385615,0.0628203218012797,15
1.5912195682525634,0.11879759337415696,0.0756373405456543,0.005901387063950491,balanced,5,,4,200,"{'class_weight': 'balanced', 'max_depth': 5, 'max_features': None, 'min_samples_leaf': 4, 'n_estimators': 200}",0.9411477411477412,1.0,0.9737373737373737,0.8307692307692308,0.8740384615384617,0.9239385614385615,0.0628203218012797,15
1.4811930656433105,0.12829915220373178,0.08499126434326172,0.0109241396635157,balanced,5,,2,200,"{'class_weight': 'balanced', 'max_depth': 5, 'max_features': None, 'min_samples_leaf': 2, 'n_estimators': 200}",0.9411477411477412,1.0,0.9737373737373737,0.8307692307692308,0.8740384615384617,0.9239385614385615,0.0628203218012797,15
1.324540615081787,0.1944517611108422,0.08067507743835449,0.017805725313838602,balanced,10,,2,200,"{'class_weight': 'balanced', 'max_depth': 10, 'max_features': None, 'min_samples_leaf': 2, 'n_estimators': 200}",0.9411477411477412,1.0,0.9737373737373737,0.8307692307692308,0.8740384615384617,0.9239385614385615,0.0628203218012797,15
1.31649751663208,0.15144725086305416,0.06910758018493653,0.009568056303257954,balanced,10,,4,200,"{'class_weight': 'balanced', 'max_depth': 10, 'max_features': None, 'min_samples_leaf': 4, 'n_estimators': 200}",0.9411477411477412,1.0,0.9737373737373737,0.8307692307692308,0.8740384615384617,0.9239385614385615,0.0628203218012797,15
1.3491590023040771,0.21534128564199503,0.06814785003662109,0.007886649708840116,,5,,2,200,"{'class_weight': None, 'max_depth': 5, 'max_features': None, 'min_samples_leaf': 2, 'n_estimators': 200}",0.9411477411477412,1.0,0.9444444444444445,0.8574786324786325,0.8740384615384617,0.923421855921856,0.05178338873537163,21
2.988733243942261,0.40925265304298314,0.1732469081878662,0.0289153963258196,,5,,2,500,"{'class_weight': None, 'max_depth': 5, 'max_features': None, 'min_samples_leaf': 2, 'n_estimators': 500}",0.9411477411477412,1.0,0.9444444444444445,0.8574786324786325,0.8740384615384617,0.923421855921856,0.05178338873537163,21
2.8499810218811037,0.2594611975215092,0.1497441291809082,0.007246624007321985,,,,2,500,"{'class_weight': None, 'max_depth': None, 'max_features': None, 'min_samples_leaf': 2, 'n_estimators': 500}",0.9411477411477412,1.0,0.9444444444444445,0.8574786324786325,0.8740384615384617,0.923421855921856,0.05178338873537163,21
3.090846586227417,0.38420503186201455,0.18739838600158693,0.032650080203464174,,10,,2,500,"{'class_weight': None, 'max_depth': 10, 'max_features': None, 'min_samples_leaf': 2, 'n_estimators': 500}",0.9411477411477412,1.0,0.9444444444444445,0.8574786324786325,0.8740384615384617,0.923421855921856,0.05178338873537163,21
2.985139036178589,0.4034786139802709,0.16909971237182617,0.03191412134457944,,10,,1,500,"{'class_weight': None, 'max_depth': 10, 'max_features': None, 'min_samples_leaf': 1, 'n_estimators': 500}",0.9411477411477412,0.9760683760683762,0.9737373737373737,0.8060897435897436,0.9155067155067157,0.92250999000999,0.06235836905905028,25
3.1062983512878417,0.5014096824637336,0.1750105857849121,0.04139590312116815,,,,1,500,"{'class_weight': None, 'max_depth': None, 'max_features': None, 'min_samples_leaf': 1, 'n_estimators': 500}",0.9411477411477412,0.9760683760683762,0.9737373737373737,0.8060897435897436,0.9155067155067157,0.92250999000999,0.06235836905905028,25
1.2969042301177978,0.16265106600828297,0.07486543655395508,0.012002636150476352,balanced,5,,1,200,"{'class_weight': 'balanced', 'max_depth': 5, 'max_features': None, 'min_samples_leaf': 1, 'n_estimators': 200}",0.9411477411477412,1.0,0.9737373737373737,0.8060897435897436,0.8740384615384617,0.9190026640026641,0.07045277628253689,27
1.27395339012146,0.21670073459589603,0.07470664978027344,0.01475445987305048,,,,2,200,"{'class_weight': None, 'max_depth': None, 'max_features': None, 'min_samples_leaf': 2, 'n_estimators': 200}",0.9411477411477412,1.0,0.9444444444444445,0.8327991452991453,0.8740384615384617,0.9184859584859586,0.058565772068041984,28
1.2226426124572753,0.18289299812233095,0.08138566017150879,0.014342772105317916,,10,,2,200,"{'class_weight': None, 'max_depth': 10, 'max_features': None, 'min_samples_leaf': 2, 'n_estimators': 200}",0.9411477411477412,1.0,0.9444444444444445,0.8327991452991453,0.8740384615384617,0.9184859584859586,0.058565772068041984,28
2.6157157897949217,0.06706739513376143,0.11123080253601074,0.009052535501518391,balanced,10,,4,500,"{'class_weight': 'balanced', 'max_depth': 10, 'max_features': None, 'min_samples_leaf': 4, 'n_estimators': 500}",0.9411477411477412,1.0,0.9444444444444445,0.8307692307692308,0.8740384615384617,0.9180799755799758,0.05916235043716266,30
3.077411079406738,0.4265283327121467,0.1511991500854492,0.007748739575003807,balanced,5,,4,500,"{'class_weight': 'balanced', 'max_depth': 5, 'max_features': None, 'min_samples_leaf': 4, 'n_estimators': 500}",0.9411477411477412,1.0,0.9444444444444445,0.8307692307692308,0.8740384615384617,0.9180799755799758,0.05916235043716266,30
2.8507285118103027,0.32478073839173305,0.1594855785369873,0.02045743207166204,balanced,,,4,500,"{'class_weight': 'balanced', 'max_depth': None, 'max_features': None, 'min_samples_leaf': 4, 'n_estimators': 500}",0.9411477411477412,1.0,0.9444444444444445,0.8307692307692308,0.8740384615384617,0.9180799755799758,0.05916235043716266,30
1.1089580059051514,0.1756542571493024,0.06885690689086914,0.011338093269491579,balanced,5,sqrt,2,200,"{'class_weight': 'balanced', 'max_depth': 5, 'max_features': 'sqrt', 'min_samples_leaf': 2, 'n_estimators': 200}",0.9104700854700855,1.0,0.9737373737373737,0.8574786324786325,0.8480921855921856,0.9179556554556555,0.06072443174490525,33
1.4383849143981933,0.1902134726260095,0.07378482818603516,0.010778450173729854,,,,1,200,"{'class_weight': None, 'max_depth': None, 'max_features': None, 'min_samples_leaf': 1, 'n_estimators': 200}",0.9411477411477412,0.9760683760683762,0.9737373737373737,0.8060897435897436,0.8895604395604396,0.9173207348207348,0.06378842549003196,34
1.1679190635681151,0.1357099029487721,0.06706719398498535,0.007595236303918437,,10,,1,200,"{'class_weight': None, 'max_depth': 10, 'max_features': None, 'min_samples_leaf': 1, 'n_estimators': 200}",0.9411477411477412,0.9760683760683762,0.9737373737373737,0.8060897435897436,0.8895604395604396,0.9173207348207348,0.06378842549003196,34
1.3375486850738525,0.2078553599146203,0.07158722877502441,0.015004629237174875,,5,,1,200,"{'class_weight': None, 'max_depth': 5, 'max_features': None, 'min_samples_leaf': 1, 'n_estimators': 200}",0.9411477411477412,0.9760683760683762,0.9737373737373737,0.8060897435897436,0.8895604395604396,0.9173207348207348,0.06378842549003196,34
3.2495299339294434,0.5163305579420508,0.17359747886657714,0.04208920366133487,,5,,1,500,"{'class_weight': None, 'max_depth': 5, 'max_features': None, 'min_samples_leaf': 1, 'n_estimators': 500}",0.9411477411477412,0.9760683760683762,0.9444444444444445,0.8060897435897436,0.9155067155067157,0.9166514041514043,0.058528781407092424,37
1.1302973270416259,0.15004808922859442,0.07249326705932617,0.01341210090329632,balanced,,sqrt,1,200,"{'class_weight': 'balanced', 'max_depth': None, 'max_features': 'sqrt', 'min_samples_leaf': 1, 'n_estimators': 200}",0.9174603174603174,0.9760683760683762,0.9737373737373737,0.8307692307692308,0.8740384615384617,0.914414751914752,0.05649147959282855,38
1.2085318565368652,0.12044666237520327,0.08610286712646484,0.009000316672406847,balanced,10,sqrt,1,200,"{'class_weight': 'balanced', 'max_depth': 10, 'max_features': 'sqrt', 'min_samples_leaf': 1, 'n_estimators': 200}",0.9174603174603174,0.9760683760683762,0.9737373737373737,0.8307692307692308,0.8740384615384617,0.914414751914752,0.05649147959282855,38
2.918971538543701,0.26094558267672086,0.15785751342773438,0.018986378887744865,balanced,5,,1,500,"{'class_weight': 'balanced', 'max_depth': 5, 'max_features': None, 'min_samples_leaf': 1, 'n_estimators': 500}",0.9411477411477412,0.9760683760683762,0.9737373737373737,0.8060897435897436,0.8740384615384617,0.9142163392163394,0.06542071684059485,40
2.795045042037964,0.29168862831200865,0.171144437789917,0.014807443170922955,balanced,5,sqrt,1,500,"{'class_weight': 'balanced', 'max_depth': 5, 'max_features': 'sqrt', 'min_samples_leaf': 1, 'n_estimators': 500}",0.9174603174603174,1.0,0.9737373737373737,0.8307692307692308,0.8480921855921856,0.9140118215118216,0.06670491416077919,41
1.1939665794372558,0.16455459019913493,0.07190480232238769,0.009080360398740231,balanced,5,sqrt,1,200,"{'class_weight': 'balanced', 'max_depth': 5, 'max_features': 'sqrt', 'min_samples_leaf': 1, 'n_estimators': 200}",0.9174603174603174,1.0,0.9737373737373737,0.8307692307692308,0.8480921855921856,0.9140118215118216,0.06670491416077919,41
1.017629337310791,0.12419798014961658,0.07021050453186035,0.01077500611452224,balanced,10,sqrt,4,200,"{'class_weight': 'balanced', 'max_depth': 10, 'max_features': 'sqrt', 'min_samples_leaf': 4, 'n_estimators': 200}",0.9104700854700855,1.0,0.9737373737373737,0.8355006105006105,0.8480921855921856,0.9135600510600511,0.06554699153137407,43
1.30416579246521,0.23516794681247175,0.07657332420349121,0.008812902228628941,balanced,,sqrt,4,200,"{'class_weight': 'balanced', 'max_depth': None, 'max_features': 'sqrt', 'min_samples_leaf': 4, 'n_estimators': 200}",0.9104700854700855,1.0,0.9737373737373737,0.8355006105006105,0.8480921855921856,0.9135600510600511,0.06554699153137407,43
3.018834638595581,0.3445041283339095,0.16841602325439453,0.03531722582079787,balanced,5,,2,500,"{'class_weight': 'balanced', 'max_depth': 5, 'max_features': None, 'min_samples_leaf': 2, 'n_estimators': 500}",0.9174603174603174,1.0,0.9444444444444445,0.8307692307692308,0.8740384615384617,0.9133424908424909,0.058063692452262394,45
2.781658935546875,0.33610271081106613,0.1641054630279541,0.035591018738757765,balanced,,,2,500,"{'class_weight': 'balanced', 'max_depth': None, 'max_features': None, 'min_samples_leaf': 2, 'n_estimators': 500}",0.9174603174603174,1.0,0.9444444444444445,0.8307692307692308,0.8740384615384617,0.9133424908424909,0.058063692452262394,45
2.9117937088012695,0.38969515221083156,0.17861576080322267,0.029849781933375397,balanced,10,,2,500,"{'class_weight': 'balanced', 'max_depth': 10, 'max_features': None, 'min_samples_leaf': 2, 'n_estimators': 500}",0.9174603174603174,1.0,0.9444444444444445,0.8307692307692308,0.8740384615384617,0.9133424908424909,0.058063692452262394,45
1.0706284523010254,0.12297606788701877,0.07564544677734375,0.015918639296272234,,,sqrt,4,200,"{'class_weight': None, 'max_depth': None, 'max_features': 'sqrt', 'min_samples_leaf': 4, 'n_estimators': 200}",0.9411477411477412,0.9555555555555556,0.9737373737373737,0.9010989010989011,0.7950693097751921,0.9133217762629527,0.06378254520009684,48
1.2209012031555175,0.14564615491090682,0.08038539886474609,0.01615401188608751,,5,sqrt,4,200,"{'class_weight': None, 'max_depth': 5, 'max_features': 'sqrt', 'min_samples_leaf': 4, 'n_estimators': 200}",0.9411477411477412,0.9555555555555556,0.9737373737373737,0.9010989010989011,0.7950693097751921,0.9133217762629527,0.06378254520009684,48
1.2212757110595702,0.15836108866483942,0.07541880607604981,0.008033593920921591,,10,sqrt,4,200,"{'class_weight': None, 'max_depth': 10, 'max_features': 'sqrt', 'min_samples_leaf': 4, 'n_estimators': 200}",0.9411477411477412,0.9555555555555556,0.9737373737373737,0.9010989010989011,0.7950693097751921,0.9133217762629527,0.06378254520009684,48
2.8742018699645997,0.3546239813379168,0.20465192794799805,0.048916742946680025,balanced,10,sqrt,2,500,"{'class_weight': 'balanced', 'max_depth': 10, 'max_features': 'sqrt', 'min_samples_leaf': 2, 'n_estimators': 500}",0.8867826617826617,1.0,0.9737373737373737,0.8307692307692308,0.8740384615384617,0.9130655455655455,0.06360071823208265,51
2.8785547256469726,0.3363108192819423,0.16957993507385255,0.012902624280323051,balanced,,sqrt,2,500,"{'class_weight': 'balanced', 'max_depth': None, 'max_features': 'sqrt', 'min_samples_leaf': 2, 'n_estimators': 500}",0.8867826617826617,1.0,0.9737373737373737,0.8307692307692308,0.8740384615384617,0.9130655455655455,0.06360071823208265,51
1.2868742942810059,0.2214439488821224,0.08044471740722656,0.012583876973061592,balanced,,sqrt,2,200,"{'class_weight': 'balanced', 'max_depth': None, 'max_features': 'sqrt', 'min_samples_leaf': 2, 'n_estimators': 200}",0.9104700854700855,1.0,0.9737373737373737,0.8307692307692308,0.8480921855921856,0.9126137751137751,0.06669123925555992,53
0.9687859535217285,0.03535467667201388,0.0636068344116211,0.004532214018579353,balanced,10,sqrt,2,200,"{'class_weight': 'balanced', 'max_depth': 10, 'max_features': 'sqrt', 'min_samples_leaf': 2, 'n_estimators': 200}",0.9104700854700855,1.0,0.9737373737373737,0.8307692307692308,0.8480921855921856,0.9126137751137751,0.06669123925555992,53
1.215055513381958,0.1832338228142843,0.0770998477935791,0.02758396801451327,balanced,10,,1,200,"{'class_weight': 'balanced', 'max_depth': 10, 'max_features': None, 'min_samples_leaf': 1, 'n_estimators': 200}",0.9411477411477412,0.9760683760683762,0.9737373737373737,0.8060897435897436,0.8480921855921856,0.9090270840270842,0.0693150069615557,55
1.2490638732910155,0.19017864256190262,0.06975107192993164,0.010116921242986897,balanced,,,1,200,"{'class_weight': 'balanced', 'max_depth': None, 'max_features': None, 'min_samples_leaf': 1, 'n_estimators': 200}",0.9411477411477412,0.9760683760683762,0.9737373737373737,0.8060897435897436,0.8480921855921856,0.9090270840270842,0.0693150069615557,55
2.824070167541504,0.3510417377456845,0.17919697761535644,0.023312070899177924,balanced,5,sqrt,2,500,"{'class_weight': 'balanced', 'max_depth': 5, 'max_features': 'sqrt', 'min_samples_leaf': 2, 'n_estimators': 500}",0.8867826617826617,1.0,0.9737373737373737,0.8307692307692308,0.8480921855921856,0.9078762903762904,0.0675115385244012,57
1.3760841369628907,0.05958946486759167,0.0803497314453125,0.008242246495399435,,,,4,200,"{'class_weight': None, 'max_depth': None, 'max_features': None, 'min_samples_leaf': 4, 'n_estimators': 200}",0.9411477411477412,1.0,0.9109126984126984,0.8574786324786325,0.8210155857214682,0.9061109315521081,0.06272497199815275,58
1.2759772777557372,0.20847707461886697,0.07242760658264161,0.009774872862338713,,5,,4,200,"{'class_weight': None, 'max_depth': 5, 'max_features': None, 'min_samples_leaf': 4, 'n_estimators': 200}",0.9411477411477412,1.0,0.9109126984126984,0.8574786324786325,0.8210155857214682,0.9061109315521081,0.06272497199815275,58
1.17783579826355,0.15804688146055937,0.07343378067016601,0.012145929476952753,,10,,4,200,"{'class_weight': None, 'max_depth': 10, 'max_features': None, 'min_samples_leaf': 4, 'n_estimators': 200}",0.9411477411477412,1.0,0.9109126984126984,0.8574786324786325,0.8210155857214682,0.9061109315521081,0.06272497199815275,58
1.0931724548339843,0.17080089719490868,0.0718616008758545,0.005087996292673697,balanced,5,sqrt,4,200,"{'class_weight': 'balanced', 'max_depth': 5, 'max_features': 'sqrt', 'min_samples_leaf': 4, 'n_estimators': 200}",0.9104700854700855,0.9555555555555556,0.9737373737373737,0.8355006105006105,0.8480921855921856,0.9046711621711623,0.055459420102929355,61
3.1023202896118165,0.40778636639204535,0.17570300102233888,0.02530122811538342,balanced,10,,1,500,"{'class_weight': 'balanced', 'max_depth': 10, 'max_features': None, 'min_samples_leaf': 1, 'n_estimators': 500}",0.9411477411477412,0.9760683760683762,0.9737373737373737,0.8060897435897436,0.8210155857214682,0.9036117640529406,0.0747116918360424,62
3.032971000671387,0.37152534681093435,0.17928023338317872,0.02464602634247977,balanced,,,1,500,"{'class_weight': 'balanced', 'max_depth': None, 'max_features': None, 'min_samples_leaf': 1, 'n_estimators': 500}",0.9411477411477412,0.9760683760683762,0.9737373737373737,0.8060897435897436,0.8210155857214682,0.9036117640529406,0.0747116918360424,62
2.558949851989746,0.3081691271233473,0.1698005199432373,0.03346695419428905,,,sqrt,4,500,"{'class_weight': None, 'max_depth': None, 'max_features': 'sqrt', 'min_samples_leaf': 4, 'n_estimators': 500}",0.9174603174603174,0.9555555555555556,0.9737373737373737,0.8697598697598697,0.7950693097751921,0.9023164852576617,0.06438410895995444,64
2.9172239780426024,0.3556154021501072,0.1766584873199463,0.022160730804787466,,10,sqrt,4,500,"{'class_weight': None, 'max_depth': 10, 'max_features': 'sqrt', 'min_samples_leaf': 4, 'n_estimators': 500}",0.9174603174603174,0.9555555555555556,0.9737373737373737,0.8697598697598697,0.7950693097751921,0.9023164852576617,0.06438410895995444,64
2.8470067024230956,0.5160409341831813,0.22217149734497071,0.11611592796819456,,5,sqrt,4,500,"{'class_weight': None, 'max_depth': 5, 'max_features': 'sqrt', 'min_samples_leaf': 4, 'n_estimators': 500}",0.9174603174603174,0.9555555555555556,0.9737373737373737,0.8697598697598697,0.7950693097751921,0.9023164852576617,0.06438410895995444,64
2.821360397338867,0.3423712264546011,0.18102822303771973,0.02668978508113805,balanced,,sqrt,4,500,"{'class_weight': 'balanced', 'max_depth': None, 'max_features': 'sqrt', 'min_samples_leaf': 4, 'n_estimators': 500}",0.9104700854700855,1.0,0.9737373737373737,0.8307692307692308,0.7950693097751921,0.9020091999503764,0.07915805418600393,67
2.7437386989593504,0.4323225602296593,0.17300329208374024,0.027353086709477524,balanced,5,sqrt,4,500,"{'class_weight': 'balanced', 'max_depth': 5, 'max_features': 'sqrt', 'min_samples_leaf': 4, 'n_estimators': 500}",0.9104700854700855,1.0,0.9737373737373737,0.8307692307692308,0.7950693097751921,0.9020091999503764,0.07915805418600393,67
2.8729745864868166,0.4204043741279005,0.2064997673034668,0.06328323567968608,balanced,10,sqrt,4,500,"{'class_weight': 'balanced', 'max_depth': 10, 'max_features': 'sqrt', 'min_samples_leaf': 4, 'n_estimators': 500}",0.9104700854700855,1.0,0.9737373737373737,0.8307692307692308,0.7950693097751921,0.9020091999503764,0.07915805418600393,67
2.915128564834595,0.3436199077131549,0.17839741706848145,0.020153096910503026,,10,,4,500,"{'class_weight': None, 'max_depth': 10, 'max_features': None, 'min_samples_leaf': 4, 'n_estimators': 500}",0.9174603174603174,1.0,0.9109126984126984,0.8574786324786325,0.8210155857214682,0.9013734468146233,0.0607636771213009,70
2.7960458755493165,0.3103838855469445,0.15927600860595703,0.020559142409694142,,,,4,500,"{'class_weight': None, 'max_depth': None, 'max_features': None, 'min_samples_leaf': 4, 'n_estimators': 500}",0.9174603174603174,1.0,0.9109126984126984,0.8574786324786325,0.8210155857214682,0.9013734468146233,0.0607636771213009,70
3.147919511795044,0.4114552697260169,0.192274808883667,0.03447788984977471,,5,,4,500,"{'class_weight': None, 'max_depth': 5, 'max_features': None, 'min_samples_leaf': 4, 'n_estimators': 500}",0.9174603174603174,1.0,0.9109126984126984,0.8574786324786325,0.8210155857214682,0.9013734468146233,0.0607636771213009,70
