poligon_id,kelas_asli,n_piksel,kelas_prediksi,benar,prob_Bangunan,prob_Danau,prob_Hutan,prob_Laut,prob_Mangrove,prob_Sawah
Bangunan_0014,Bangunan,200,Bangunan,True,1.0,0.0,0.0,0.0,0.0,0.0
Mangrove_0014,Mangrove,1232,Mangrove,True,0.0,0.0,0.008,0.0,0.962,0.03
Bangunan_0042,Bangunan,21,Bangunan,True,0.904,0.03,0.066,0.0,0.0,0.0
Mangrove_0008,Mangrove,14,Mangrove,True,0.0,0.0,0.002,0.0,0.98,0.018
Mangrove_0005,Mangrove,38,Mangrove,True,0.031,0.215,0.281,0.023,0.408,0.042
Bangunan_0023,Bangunan,11,Bangunan,True,0.983,0.0,0.017,0.0,0.0,0.0
Danau_0038,Danau,133,Danau,True,0.0,0.649,0.002,0.349,0.0,0.0
Laut_0026,Laut,2000,Laut,True,0.0,0.029,0.0,0.971,0.0,0.0
Mangrove_0036,Mangrove,457,Mangrove,True,0.0,0.0,0.055,0.005,0.94,0.0
Danau_0039,Danau,277,Danau,True,0.0,0.755,0.0,0.242,0.002,0.0
Hutan_0030,Hutan,1738,Hutan,True,0.207,0.001,0.698,0.0,0.021,0.072
Laut_0047,Laut,4000,Laut,True,0.0,0.177,0.0,0.823,0.0,0.0
Laut_0025,Laut,2730,Laut,True,0.0,0.04,0.0,0.96,0.0,0.0
Laut_0038,Laut,2000,Laut,True,0.0,0.014,0.0,0.986,0.0,0.0
Mangrove_0032,Mangrove,110,Mangrove,True,0.001,0.034,0.374,0.0,0.574,0.017
Bangunan_0035,Bangunan,38,Bangunan,True,0.772,0.0,0.164,0.0,0.008,0.057
Danau_0001,Danau,2000,Danau,True,0.0,0.717,0.0,0.283,0.0,0.0
Sawah_0019,Sawah,31,Sawah,True,0.0,0.0,0.0,0.0,0.0,1.0
Mangrove_0031,Mangrove,2000,Mangrove,True,0.0,0.0,0.011,0.0,0.979,0.01
Bangunan_0038,Bangunan,14,Bangunan,True,1.0,0.0,0.0,0.0,0.0,0.0
Laut_0041,Laut,2000,Laut,True,0.0,0.033,0.0,0.967,0.0,0.0
Danau_0040,Danau,197,Danau,True,0.0,0.696,0.0,0.304,0.0,0.0
Danau_0003,Danau,2000,Danau,True,0.0,0.86,0.0,0.14,0.0,0.0
Mangrove_0040,Mangrove,620,Mangrove,True,0.0,0.0,0.028,0.015,0.958,0.0
Bangunan_0048,Bangunan,13,Bangunan,True,0.952,0.0,0.047,0.0,0.0,0.002
Bangunan_0022,Bangunan,14,Bangunan,True,0.757,0.047,0.078,0.0,0.002,0.115
Sawah_0042,Sawah,12,Sawah,True,0.0,0.0,0.008,0.0,0.002,0.99
Hutan_0041,Hutan,2000,Hutan,True,0.006,0.002,0.871,0.0,0.055,0.065
Sawah_0005,Sawah,19,Sawah,True,0.0,0.0,0.029,0.0,0.021,0.95
Mangrove_0046,Mangrove,499,Mangrove,True,0.0,0.0,0.008,0.015,0.978,0.0
Sawah_0035,Sawah,19,Sawah,True,0.0,0.003,0.03,0.0,0.004,0.964
Laut_0014,Laut,4000,Laut,True,0.0,0.012,0.0,0.988,0.0,0.0
Bangunan_0010,Bangunan,16,Bangunan,True,0.993,0.003,0.001,0.0,0.0,0.002
Danau_0007,Danau,2000,Danau,True,0.0,0.848,0.004,0.146,0.002,0.0
Danau_0032,Danau,445,Danau,True,0.015,0.739,0.034,0.208,0.0,0.003
Sawah_0015,Sawah,14,Sawah,True,0.0,0.0,0.005,0.0,0.01,0.985
Laut_0036,Laut,2000,Laut,True,0.0,0.012,0.0,0.988,0.0,0.0
Sawah_0010,Sawah,11,Sawah,True,0.0,0.0,0.042,0.0,0.016,0.941
Hutan_0032,Hutan,4000,Hutan,True,0.0,0.0,0.938,0.0,0.015,0.047
Sawah_0008,Sawah,28,Sawah,True,0.0,0.0,0.035,0.0,0.016,0.949
Bangunan_0007,Bangunan,24,Bangunan,True,0.977,0.0,0.023,0.0,0.0,0.0
Danau_0023,Danau,1570,Danau,True,0.0,0.952,0.0,0.048,0.0,0.0
Sawah_0025,Sawah,39,Sawah,True,0.0,0.0,0.0,0.0,0.0,1.0
Laut_0043,Laut,4000,Laut,True,0.0,0.031,0.0,0.969,0.0,0.0
Laut_0013,Laut,2000,Laut,True,0.0,0.041,0.0,0.959,0.0,0.0
Mangrove_0012,Mangrove,433,Mangrove,True,0.0,0.002,0.042,0.0,0.955,0.0
Bangunan_0002,Bangunan,20,Bangunan,True,0.545,0.265,0.064,0.012,0.0,0.114
Mangrove_0007,Mangrove,733,Mangrove,True,0.0,0.0,0.001,0.0,0.976,0.022
Hutan_0039,Hutan,2000,Hutan,True,0.004,0.002,0.869,0.0,0.045,0.079
Laut_0008,Laut,2000,Laut,True,0.0,0.005,0.0,0.995,0.0,0.0
Sawah_0018,Sawah,24,Sawah,True,0.0,0.0,0.0,0.0,0.005,0.995
Sawah_0048,Sawah,21,Sawah,True,0.0,0.0,0.0,0.0,0.002,0.998
Hutan_0024,Hutan,1213,Hutan,True,0.24,0.041,0.683,0.0,0.018,0.018
Laut_0002,Laut,2000,Laut,True,0.0,0.428,0.0,0.572,0.0,0.0
Bangunan_0020,Bangunan,7,Bangunan,True,0.855,0.0,0.138,0.0,0.005,0.002
Mangrove_0038,Mangrove,2000,Mangrove,True,0.0,0.0,0.018,0.0,0.982,0.0
Danau_0049,Danau,1195,Danau,True,0.0,0.686,0.0,0.314,0.0,0.0
Danau_0006,Danau,2445,Laut,False,0.0,0.222,0.0,0.778,0.0,0.0
Hutan_0026,Hutan,342,Hutan,True,0.261,0.037,0.678,0.0,0.011,0.013
Danau_0031,Danau,682,Danau,True,0.0,0.679,0.0,0.321,0.0,0.0
Laut_0000,Laut,2000,Danau,False,0.0,0.527,0.0,0.473,0.0,0.0
Bangunan_0021,Bangunan,9,Bangunan,True,0.941,0.018,0.028,0.0,0.0,0.013
Mangrove_0048,Mangrove,1085,Mangrove,True,0.0,0.0,0.125,0.005,0.842,0.028
Mangrove_0002,Mangrove,1412,Mangrove,True,0.0,0.011,0.066,0.0,0.89,0.033
Danau_0013,Danau,4000,Danau,True,0.0,0.806,0.0,0.194,0.0,0.0
Sawah_0032,Sawah,19,Sawah,True,0.0,0.0,0.0,0.0,0.0,1.0
Bangunan_0040,Bangunan,18,Bangunan,True,0.95,0.0,0.047,0.0,0.0,0.003
Bangunan_0001,Bangunan,11,Bangunan,True,0.89,0.064,0.029,0.005,0.0,0.012
Mangrove_0023,Mangrove,2000,Mangrove,True,0.0,0.006,0.059,0.0,0.917,0.018
Danau_0005,Danau,2000,Laut,False,0.0,0.175,0.0,0.825,0.0,0.0
Sawah_0002,Sawah,69,Sawah,True,0.0,0.0,0.0,0.0,0.0,1.0
Laut_0046,Laut,2000,Laut,True,0.0,0.154,0.0,0.846,0.0,0.0
Hutan_0046,Hutan,4000,Hutan,True,0.0,0.003,0.784,0.0,0.124,0.088
Sawah_0047,Sawah,14,Sawah,True,0.002,0.0,0.312,0.0,0.028,0.657
Bangunan_0018,Bangunan,15,Bangunan,True,1.0,0.0,0.0,0.0,0.0,0.0
Danau_0020,Danau,4000,Danau,True,0.0,0.833,0.0,0.167,0.0,0.0
Hutan_0022,Hutan,1024,Hutan,True,0.284,0.022,0.663,0.0,0.018,0.013
Laut_0012,Laut,2000,Laut,True,0.0,0.337,0.0,0.663,0.0,0.0
Laut_0004,Laut,4000,Laut,True,0.0,0.293,0.0,0.707,0.0,0.0
Bangunan_0028,Bangunan,74,Bangunan,True,0.998,0.0,0.002,0.0,0.0,0.0
Sawah_0028,Sawah,24,Sawah,True,0.0,0.0,0.005,0.0,0.005,0.99
Sawah_0039,Sawah,15,Sawah,True,0.0,0.0,0.139,0.0,0.063,0.798
Mangrove_0026,Mangrove,2000,Mangrove,True,0.0,0.002,0.029,0.0,0.963,0.006
